2026-06-06 18:41:56                 INFO                  ListTest                 - Launching Browser
2026-06-06 18:41:58                 INFO                  ListTest                 - Maximizing Browser
2026-06-06 18:41:58                 INFO                  ListTest                 - Opening Application
2026-06-06 18:42:04                 INFO                  ListTest                 - Closing Browser
2026-06-06 18:42:09                 INFO                  ListTest                 - Launching Browser
2026-06-06 18:42:10                 INFO                  ListTest                 - Maximizing Browser
2026-06-06 18:42:10                 INFO                  ListTest                 - Opening Application
2026-06-06 18:42:19                 INFO                  ListTest                 - Closing Browser
2026-06-06 18:44:01                 INFO                  Utils                 - [Utils] MethodGroupsHelper.collectMethodsByGroup() took 0 ms.
2026-06-06 18:44:01                 INFO                  Utils                 - [Utils] MethodGroupsHelper.sortMethods() took 1 ms.
2026-06-06 18:44:01                 INFO                  Utils                 - [Utils] MethodGroupsHelper.collectMethodsByGroup() took 0 ms.
2026-06-06 18:44:01                 INFO                  Utils                 - [Utils] MethodGroupsHelper.sortMethods() took 0 ms.
2026-06-06 18:44:01                 INFO                  Utils                 - [Utils] MethodGroupsHelper.collectMethodsByGroup() took 0 ms.
2026-06-06 18:44:01                 INFO                  Utils                 - [Utils] MethodGroupsHelper.sortMethods() took 0 ms.
2026-06-06 18:44:01                 INFO                  Utils                 - [Utils] MethodGroupsHelper.collectMethodsByGroup() took 0 ms.
2026-06-06 18:44:01                 INFO                  Utils                 - [Utils] MethodGroupsHelper.sortMethods() took 0 ms.
2026-06-06 18:44:01                 INFO                  Utils                 - [Utils] MethodGroupsHelper.collectMethodsByGroup() took 0 ms.
2026-06-06 18:44:01                 INFO                  Utils                 - [Utils] MethodGroupsHelper.sortMethods() took 0 ms.
2026-06-06 18:44:01                 INFO                  Utils                 - [Utils] MethodGroupsHelper.collectMethodsByGroup() took 0 ms.
2026-06-06 18:44:01                 INFO                  Utils                 - [Utils] MethodGroupsHelper.sortMethods() took 0 ms.
2026-06-06 18:44:01                 INFO                  Utils                 - [Utils] MethodGroupsHelper.collectMethodsByGroup() took 0 ms.
2026-06-06 18:44:01                 INFO                  Utils                 - [Utils] MethodGroupsHelper.sortMethods() took 0 ms.
2026-06-06 18:44:01                 INFO                  Utils                 - [Utils] MethodGroupsHelper.collectMethodsByGroup() took 0 ms.
2026-06-06 18:44:01                 INFO                  Utils                 - [Utils] MethodGroupsHelper.sortMethods() took 0 ms.
2026-06-06 18:44:01                 INFO                  Utils                 - [Utils] MethodGroupsHelper.collectMethodsByGroup() took 3 ms.
2026-06-06 18:44:01                 INFO                  Utils                 - [Utils] MethodGroupsHelper.sortMethods() took 6 ms.
2026-06-06 18:44:01                 INFO                  Utils                 - [Utils] MethodGroupsHelper.collectMethodsByGroup() took 1 ms.
2026-06-06 18:44:01                 INFO                  Utils                 - [Utils] MethodGroupsHelper.sortMethods() took 0 ms.
2026-06-06 18:44:01                 INFO                  Utils                 - [Utils] MethodGroupsHelper.collectMethodsByGroup() took 0 ms.
2026-06-06 18:44:01                 INFO                  Utils                 - [Utils] MethodGroupsHelper.sortMethods() took 0 ms.
2026-06-06 18:44:01                 INFO                  Utils                 - [Utils] MethodGroupsHelper.collectMethodsByGroup() took 0 ms.
2026-06-06 18:44:01                 INFO                  Utils                 - [Utils] MethodGroupsHelper.sortMethods() took 0 ms.
2026-06-06 18:44:01                 INFO                  Utils                 - [Utils] MethodGroupsHelper.collectMethodsByGroup() took 0 ms.
2026-06-06 18:44:01                 INFO                  Utils                 - [Utils] MethodGroupsHelper.sortMethods() took 0 ms.
2026-06-06 18:44:01                 INFO                  Utils                 - [Utils] MethodGroupsHelper.collectMethodsByGroup() took 0 ms.
2026-06-06 18:44:01                 INFO                  Utils                 - [Utils] MethodGroupsHelper.sortMethods() took 0 ms.
2026-06-06 18:44:01                 INFO                  Utils                 - [Utils] MethodGroupsHelper.collectMethodsByGroup() took 0 ms.
2026-06-06 18:44:01                 INFO                  Utils                 - [Utils] MethodGroupsHelper.sortMethods() took 0 ms.
2026-06-06 18:44:01                 INFO                  Utils                 - [TestNG] Running:
  C:\Users\SAGNI\AppData\Local\Temp\testng-eclipse--1093111853\testng-customsuite.xml

2026-06-06 18:44:01                 INFO                  Utils                 - [Utils] DynamicGraphHelper.createDynamicGraph() took 4 ms.
2026-06-06 18:44:01                 INFO                  FormTest                 - Launching Browser
2026-06-06 18:44:03                 INFO                  FormTest                 - Maximizing Browser
2026-06-06 18:44:03                 INFO                  FormTest                 - Opening Application
2026-06-06 18:44:08                 INFO                  FormTest                 - Closing Browser
2026-06-06 18:44:13                 INFO                  FormTest                 - Launching Browser
2026-06-06 18:44:14                 INFO                  FormTest                 - Maximizing Browser
2026-06-06 18:44:14                 INFO                  FormTest                 - Opening Application
2026-06-06 18:44:19                 INFO                  FormTest                 - Closing Browser
2026-06-06 18:44:24                 INFO                  Utils                 - [TestNG] Time taken by org.testng.reporters.jq.Main@6f5d0190: 40 ms
2026-06-06 18:44:24                 INFO                  Utils                 - [TestNG] Time taken by org.testng.reporters.FailedReporter@679dd234: 1 ms
2026-06-06 18:44:24                 INFO                  Utils                 - [TestNG] Time taken by org.testng.reporters.XMLReporter@43f03c23: 7 ms
2026-06-06 18:44:24                 INFO                  Utils                 - [TestNG] Time taken by org.testng.reporters.EmailableReporter2@286855ea: 4 ms
2026-06-06 18:44:24                 INFO                  Utils                 - [TestNG] Time taken by org.testng.reporters.JUnitReportReporter@4451f60c: 3 ms
2026-06-06 18:44:24                 INFO                  Utils                 - [TestNG] Time taken by org.testng.internal.ExitCodeListener@6b357eb6: 0 ms
2026-06-06 21:27:08                 INFO                  Utils                 - [Utils] MethodGroupsHelper.collectMethodsByGroup() took 0 ms.
2026-06-06 21:27:08                 INFO                  Utils                 - [Utils] MethodGroupsHelper.sortMethods() took 1 ms.
2026-06-06 21:27:08                 INFO                  Utils                 - [Utils] MethodGroupsHelper.collectMethodsByGroup() took 0 ms.
2026-06-06 21:27:08                 INFO                  Utils                 - [Utils] MethodGroupsHelper.sortMethods() took 0 ms.
2026-06-06 21:27:08                 INFO                  Utils                 - [Utils] MethodGroupsHelper.collectMethodsByGroup() took 0 ms.
2026-06-06 21:27:08                 INFO                  Utils                 - [Utils] MethodGroupsHelper.sortMethods() took 0 ms.
2026-06-06 21:27:08                 INFO                  Utils                 - [Utils] MethodGroupsHelper.collectMethodsByGroup() took 0 ms.
2026-06-06 21:27:08                 INFO                  Utils                 - [Utils] MethodGroupsHelper.sortMethods() took 0 ms.
2026-06-06 21:27:08                 INFO                  Utils                 - [Utils] MethodGroupsHelper.collectMethodsByGroup() took 0 ms.
2026-06-06 21:27:08                 INFO                  Utils                 - [Utils] MethodGroupsHelper.sortMethods() took 0 ms.
2026-06-06 21:27:08                 INFO                  Utils                 - [Utils] MethodGroupsHelper.collectMethodsByGroup() took 0 ms.
2026-06-06 21:27:08                 INFO                  Utils                 - [Utils] MethodGroupsHelper.sortMethods() took 0 ms.
2026-06-06 21:27:08                 INFO                  Utils                 - [Utils] MethodGroupsHelper.collectMethodsByGroup() took 0 ms.
2026-06-06 21:27:08                 INFO                  Utils                 - [Utils] MethodGroupsHelper.sortMethods() took 0 ms.
2026-06-06 21:27:08                 INFO                  Utils                 - [Utils] MethodGroupsHelper.collectMethodsByGroup() took 0 ms.
2026-06-06 21:27:08                 INFO                  Utils                 - [Utils] MethodGroupsHelper.sortMethods() took 0 ms.
2026-06-06 21:27:08                 INFO                  Utils                 - [Utils] MethodGroupsHelper.collectMethodsByGroup() took 2 ms.
2026-06-06 21:27:08                 INFO                  Utils                 - [Utils] MethodGroupsHelper.sortMethods() took 6 ms.
2026-06-06 21:27:08                 INFO                  Utils                 - [Utils] MethodGroupsHelper.collectMethodsByGroup() took 0 ms.
2026-06-06 21:27:08                 INFO                  Utils                 - [Utils] MethodGroupsHelper.sortMethods() took 0 ms.
2026-06-06 21:27:08                 INFO                  Utils                 - [Utils] MethodGroupsHelper.collectMethodsByGroup() took 0 ms.
2026-06-06 21:27:08                 INFO                  Utils                 - [Utils] MethodGroupsHelper.sortMethods() took 0 ms.
2026-06-06 21:27:08                 INFO                  Utils                 - [Utils] MethodGroupsHelper.collectMethodsByGroup() took 0 ms.
2026-06-06 21:27:08                 INFO                  Utils                 - [Utils] MethodGroupsHelper.sortMethods() took 0 ms.
2026-06-06 21:27:08                 INFO                  Utils                 - [Utils] MethodGroupsHelper.collectMethodsByGroup() took 0 ms.
2026-06-06 21:27:08                 INFO                  Utils                 - [Utils] MethodGroupsHelper.sortMethods() took 3 ms.
2026-06-06 21:27:08                 INFO                  Utils                 - [Utils] MethodGroupsHelper.collectMethodsByGroup() took 0 ms.
2026-06-06 21:27:08                 INFO                  Utils                 - [Utils] MethodGroupsHelper.sortMethods() took 0 ms.
2026-06-06 21:27:08                 INFO                  Utils                 - [Utils] MethodGroupsHelper.collectMethodsByGroup() took 0 ms.
2026-06-06 21:27:08                 INFO                  Utils                 - [Utils] MethodGroupsHelper.sortMethods() took 0 ms.
2026-06-06 21:27:09                 INFO                  Utils                 - [TestNG] Running:
  C:\Users\SAGNI\AppData\Local\Temp\testng-eclipse-35702999\testng-customsuite.xml

2026-06-06 21:27:09                 INFO                  Utils                 - [Utils] DynamicGraphHelper.createDynamicGraph() took 5 ms.
2026-06-06 21:27:09                 INFO                  ListTest                 - Launching Browser
2026-06-06 21:27:12                 INFO                  ListTest                 - Maximizing Browser
2026-06-06 21:27:12                 INFO                  ListTest                 - Opening Application
2026-06-06 21:27:18                 INFO                  ListTest                 - Closing Browser
2026-06-06 21:27:23                 INFO                  ListTest                 - Launching Browser
2026-06-06 21:27:24                 INFO                  ListTest                 - Maximizing Browser
2026-06-06 21:27:24                 INFO                  ListTest                 - Opening Application
2026-06-06 21:27:31                 INFO                  ListTest                 - Closing Browser
2026-06-06 21:27:37                 INFO                  Utils                 - [TestNG] Time taken by org.testng.reporters.jq.Main@3a082ff4: 37 ms
2026-06-06 21:27:37                 INFO                  Utils                 - [TestNG] Time taken by org.testng.reporters.FailedReporter@237f7970: 1 ms
2026-06-06 21:27:37                 INFO                  Utils                 - [TestNG] Time taken by org.testng.reporters.XMLReporter@17fa1336: 5 ms
2026-06-06 21:27:37                 INFO                  Utils                 - [TestNG] Time taken by org.testng.reporters.EmailableReporter2@291373d3: 4 ms
2026-06-06 21:27:37                 INFO                  Utils                 - [TestNG] Time taken by org.testng.reporters.JUnitReportReporter@1d9bd4da: 3 ms
2026-06-06 21:27:37                 INFO                  Utils                 - [TestNG] Time taken by org.testng.internal.ExitCodeListener@4c58255: 0 ms
2026-06-07 01:31:09 INFO  Utils - [Utils] MethodGroupsHelper.collectMethodsByGroup() took 1 ms.
2026-06-07 01:31:09 INFO  Utils - [Utils] MethodGroupsHelper.sortMethods() took 1 ms.
2026-06-07 01:31:09 INFO  Utils - [Utils] MethodGroupsHelper.collectMethodsByGroup() took 0 ms.
2026-06-07 01:31:09 INFO  Utils - [Utils] MethodGroupsHelper.sortMethods() took 0 ms.
2026-06-07 01:31:09 INFO  Utils - [Utils] MethodGroupsHelper.collectMethodsByGroup() took 0 ms.
2026-06-07 01:31:09 INFO  Utils - [Utils] MethodGroupsHelper.sortMethods() took 0 ms.
2026-06-07 01:31:09 INFO  Utils - [Utils] MethodGroupsHelper.collectMethodsByGroup() took 0 ms.
2026-06-07 01:31:09 INFO  Utils - [Utils] MethodGroupsHelper.sortMethods() took 0 ms.
2026-06-07 01:31:09 INFO  Utils - [Utils] MethodGroupsHelper.collectMethodsByGroup() took 0 ms.
2026-06-07 01:31:09 INFO  Utils - [Utils] MethodGroupsHelper.sortMethods() took 0 ms.
2026-06-07 01:31:09 INFO  Utils - [Utils] MethodGroupsHelper.collectMethodsByGroup() took 0 ms.
2026-06-07 01:31:09 INFO  Utils - [Utils] MethodGroupsHelper.sortMethods() took 0 ms.
2026-06-07 01:31:09 INFO  Utils - [Utils] MethodGroupsHelper.collectMethodsByGroup() took 0 ms.
2026-06-07 01:31:09 INFO  Utils - [Utils] MethodGroupsHelper.sortMethods() took 0 ms.
2026-06-07 01:31:09 INFO  Utils - [Utils] MethodGroupsHelper.collectMethodsByGroup() took 0 ms.
2026-06-07 01:31:09 INFO  Utils - [Utils] MethodGroupsHelper.sortMethods() took 0 ms.
2026-06-07 01:31:09 INFO  Utils - [Utils] MethodGroupsHelper.collectMethodsByGroup() took 2 ms.
2026-06-07 01:31:09 INFO  Utils - [Utils] MethodGroupsHelper.sortMethods() took 4 ms.
2026-06-07 01:31:09 INFO  Utils - [Utils] MethodGroupsHelper.collectMethodsByGroup() took 0 ms.
2026-06-07 01:31:09 INFO  Utils - [Utils] MethodGroupsHelper.sortMethods() took 0 ms.
2026-06-07 01:31:09 INFO  Utils - [Utils] MethodGroupsHelper.collectMethodsByGroup() took 0 ms.
2026-06-07 01:31:09 INFO  Utils - [Utils] MethodGroupsHelper.sortMethods() took 0 ms.
2026-06-07 01:31:09 INFO  Utils - [Utils] MethodGroupsHelper.collectMethodsByGroup() took 0 ms.
2026-06-07 01:31:09 INFO  Utils - [Utils] MethodGroupsHelper.sortMethods() took 0 ms.
2026-06-07 01:31:09 INFO  Utils - [Utils] MethodGroupsHelper.collectMethodsByGroup() took 1 ms.
2026-06-07 01:31:09 INFO  Utils - [Utils] MethodGroupsHelper.sortMethods() took 0 ms.
2026-06-07 01:31:09 INFO  Utils - [Utils] MethodGroupsHelper.collectMethodsByGroup() took 0 ms.
2026-06-07 01:31:09 INFO  Utils - [Utils] MethodGroupsHelper.sortMethods() took 0 ms.
2026-06-07 01:31:09 INFO  Utils - [Utils] MethodGroupsHelper.collectMethodsByGroup() took 0 ms.
2026-06-07 01:31:09 INFO  Utils - [Utils] MethodGroupsHelper.sortMethods() took 0 ms.
2026-06-07 01:31:09 INFO  Utils - [TestNG] Running:
  C:\Users\SAGNI\AppData\Local\Temp\testng-eclipse-2001008685\testng-customsuite.xml

2026-06-07 01:31:09 INFO  Utils - [Utils] DynamicGraphHelper.createDynamicGraph() took 3 ms.
2026-06-07 01:31:09 INFO  ListTest - Launching Browser
2026-06-07 01:31:11 INFO  ListTest - Maximizing Browser
2026-06-07 01:31:11 INFO  ListTest - Opening Application
2026-06-07 01:31:17 INFO  ListTest - Closing Browser
2026-06-07 01:31:23 INFO  Utils - [TestNG] Time taken by org.testng.reporters.jq.Main@64984b0f: 55 ms
2026-06-07 01:31:23 INFO  Utils - [TestNG] Time taken by org.testng.reporters.FailedReporter@58ff8d79: 1 ms
2026-06-07 01:31:23 INFO  Utils - [TestNG] Time taken by org.testng.reporters.XMLReporter@1292071f: 7 ms
2026-06-07 01:31:23 INFO  Utils - [TestNG] Time taken by org.testng.reporters.EmailableReporter2@5e65afb6: 5 ms
2026-06-07 01:31:23 INFO  Utils - [TestNG] Time taken by org.testng.reporters.JUnitReportReporter@34d52ecd: 3 ms
2026-06-07 01:31:23 INFO  Utils - [TestNG] Time taken by org.testng.internal.ExitCodeListener@5d21202d: 0 ms
2026-06-07 01:32:47 INFO  ListTest - Launching Browser
2026-06-07 01:32:49 INFO  ListTest - Maximizing Browser
2026-06-07 01:32:49 INFO  ListTest - Opening Application
2026-06-07 01:32:55 INFO  ListTest - Closing Browser
2026-06-07 01:45:05 INFO  FormTest - Launching Browser
2026-06-07 01:45:06 INFO  FormTest - Maximizing Browser
2026-06-07 01:45:07 INFO  FormTest - Opening Application
2026-06-07 01:45:10 INFO  FormTest - Form Test Started
2026-06-07 01:45:10 INFO  FormTest - Entering Name
2026-06-07 01:45:10 INFO  FormTest - Entering Email
2026-06-07 01:45:10 INFO  FormTest - Entering Phone
2026-06-07 01:45:10 INFO  FormTest - Entering Address
2026-06-07 01:45:10 INFO  FormTest - Entering Gender
2026-06-07 01:45:10 INFO  FormTest - Entering Days
2026-06-07 01:45:10 INFO  FormTest - Entering Country
2026-06-07 01:45:10 INFO  FormTest - Form Test Completed
2026-06-07 01:45:10 INFO  FormTest - Closing Browser
2026-06-07 01:45:40 INFO  FormTest - Launching Browser
2026-06-07 01:45:41 INFO  FormTest - Maximizing Browser
2026-06-07 01:45:41 INFO  FormTest - Opening Application
2026-06-07 01:45:45 INFO  FormTest - Form Test Started
2026-06-07 01:45:45 INFO  FormTest - Entering Name
2026-06-07 01:45:45 INFO  FormTest - Entering Email
2026-06-07 01:45:45 INFO  FormTest - Entering Phone
2026-06-07 01:45:45 INFO  FormTest - Entering Address
2026-06-07 01:45:45 INFO  FormTest - Entering Gender
2026-06-07 01:45:46 INFO  FormTest - Entering Days
2026-06-07 01:45:46 INFO  FormTest - Entering Country
2026-06-07 01:45:46 INFO  FormTest - Form Test Completed
2026-06-07 01:45:46 INFO  FormTest - Closing Browser
2026-06-07 01:45:47 INFO  FormTest - Launching Browser
2026-06-07 01:45:48 INFO  FormTest - Maximizing Browser
2026-06-07 01:45:48 INFO  FormTest - Opening Application
2026-06-07 01:45:52 INFO  FormTest - Form Test Started
2026-06-07 01:45:52 INFO  FormTest - Entering Name
2026-06-07 01:45:52 INFO  FormTest - Entering Email
2026-06-07 01:45:52 INFO  FormTest - Entering Phone
2026-06-07 01:45:52 INFO  FormTest - Entering Address
2026-06-07 01:45:52 INFO  FormTest - Entering Gender
2026-06-07 01:45:52 INFO  FormTest - Entering Days
2026-06-07 01:45:52 INFO  FormTest - Entering Country
2026-06-07 01:45:52 INFO  FormTest - Form Test Completed
2026-06-07 01:45:52 INFO  FormTest - Closing Browser
2026-06-07 01:45:53 INFO  ListTest - Launching Browser
2026-06-07 01:45:54 INFO  ListTest - Maximizing Browser
2026-06-07 01:45:54 INFO  ListTest - Opening Application
2026-06-07 01:45:58 INFO  ListTest - Single Color Test
2026-06-07 01:46:01 INFO  ListTest - Single Animal Test
2026-06-07 01:46:01 INFO  ListTest - Closing Browser
2026-06-07 01:46:02 INFO  ListTest - Launching Browser
2026-06-07 01:46:03 INFO  ListTest - Maximizing Browser
2026-06-07 01:46:03 INFO  ListTest - Opening Application
2026-06-07 01:46:08 INFO  ListTest - Multiple Color Test
2026-06-07 01:46:11 INFO  ListTest - Multiple Animal Test
2026-06-07 01:46:12 INFO  ListTest - Closing Browser
2026-06-07 18:18:17 INFO  TableTest - Launching Browser
2026-06-07 18:18:27 INFO  TableTest - Maximizing Browser
2026-06-07 18:18:27 INFO  TableTest - Opening Application
2026-06-07 18:18:32 INFO  TableTest - Maximum Price Book Details
2026-06-07 18:18:32 INFO  TableTest - Book Name : Master In Selenium
2026-06-07 18:18:32 INFO  TableTest - Author : Mukesh
2026-06-07 18:18:32 INFO  TableTest - Subject : Selenium
2026-06-07 18:18:32 INFO  TableTest - Price : 3000
2026-06-07 18:18:32 INFO  TableTest - Closing Browser
2026-06-07 18:19:34 INFO  TableTest - Launching Browser
2026-06-07 18:19:36 INFO  TableTest - Maximizing Browser
2026-06-07 18:19:36 INFO  TableTest - Opening Application
2026-06-07 18:19:41 INFO  TableTest - Book Name : Master In Selenium | Author : Mukesh | Subject : Selenium | Price : 3000
2026-06-07 18:19:41 INFO  TableTest - Closing Browser
2026-06-07 18:36:52 INFO  TableTest - Launching Browser
2026-06-07 18:36:53 INFO  TableTest - Maximizing Browser
2026-06-07 18:36:53 INFO  TableTest - Opening Application
2026-06-07 18:36:57 INFO  TableTest - Closing Browser
2026-06-07 18:37:41 INFO  TableTest - Launching Browser
2026-06-07 18:37:42 INFO  TableTest - Maximizing Browser
2026-06-07 18:37:42 INFO  TableTest - Opening Application
2026-06-07 18:37:46 INFO  TableTest - Verifying Dynamic Table Details
2026-06-07 18:37:46 INFO  TableTest - CPU load of Chrome process: 6.9%
2026-06-07 18:37:46 INFO  TableTest - Memory Size of Firefox process: 86.1 MB
2026-06-07 18:37:46 INFO  TableTest - Network speed of Chrome process: 8.2 Mbps
2026-06-07 18:37:46 INFO  TableTest - Disk space of Firefox process: 0.77 MB/s
2026-06-07 18:37:46 INFO  TableTest - Dynamic Table Details Fetched
2026-06-07 18:37:46 INFO  TableTest - Closing Browser
2026-06-07 18:37:57 INFO  TableTest - Launching Browser
2026-06-07 18:37:58 INFO  TableTest - Maximizing Browser
2026-06-07 18:37:58 INFO  TableTest - Opening Application
2026-06-07 18:38:03 INFO  TableTest - Verifying Dynamic Table Details
2026-06-07 18:38:03 INFO  TableTest - CPU load of Chrome process: 3.6%
2026-06-07 18:38:03 INFO  TableTest - Memory Size of Firefox process: 95.2 MB
2026-06-07 18:38:03 INFO  TableTest - Network speed of Chrome process: 1.7 Mbps
2026-06-07 18:38:03 INFO  TableTest - Disk space of Firefox process: 0.97 MB/s
2026-06-07 18:38:03 INFO  TableTest - Dynamic Table Details Fetched
2026-06-07 18:38:03 INFO  TableTest - Closing Browser
2026-06-07 19:03:38 INFO  TableTest - Launching Browser
2026-06-07 19:03:40 INFO  TableTest - Maximizing Browser
2026-06-07 19:03:40 INFO  TableTest - Opening Application
2026-06-07 19:03:44 INFO  TableTest - Verifying Pagination Table Details
2026-06-07 19:03:46 INFO  TableTest - Selected Row Details: [8, Action Camera, $15.99, ]
2026-06-07 19:03:46 INFO  TableTest - Pagination Table Details Fetched
2026-06-07 19:03:46 INFO  TableTest - Closing Browser
2026-06-08 00:02:52 INFO  TableTest - Launching Browser
2026-06-08 00:02:54 INFO  TableTest - Maximizing Browser
2026-06-08 00:02:55 INFO  TableTest - Opening Application
2026-06-08 00:02:58 INFO  TableTest - Book Detail Fetch Start
2026-06-08 00:03:08 INFO  TableTest - Closing Browser
2026-06-08 00:03:33 INFO  TableTest - Launching Browser
2026-06-08 00:03:34 INFO  TableTest - Maximizing Browser
2026-06-08 00:03:34 INFO  TableTest - Opening Application
2026-06-08 00:03:37 INFO  TableTest - Book Detail Fetch Start
2026-06-08 00:03:38 INFO  TableTest - Maximum Price Book Details: [Master In Selenium, Mukesh, Selenium, 3000]
2026-06-08 00:03:38 INFO  TableTest - Book Details Fetched Successfully
2026-06-08 00:03:38 INFO  TableTest - Closing Browser
2026-06-08 00:04:02 INFO  TableTest - Launching Browser
2026-06-08 00:04:03 INFO  TableTest - Maximizing Browser
2026-06-08 00:04:03 INFO  TableTest - Opening Application
2026-06-08 00:04:07 INFO  TableTest - Book Detail Fetch Start
2026-06-08 00:04:07 INFO  TableTest - Maximum Price Book Details:
 [Master In Selenium, Mukesh, Selenium, 3000]
2026-06-08 00:04:07 INFO  TableTest - Book Details Fetched Successfully
2026-06-08 00:04:07 INFO  TableTest - Closing Browser
2026-06-08 00:13:25 WARN  VersionDetector - Exception reading https://msedgedriver.azureedge.net/LATEST_RELEASE_149_WINDOWS to get latest version of msedgedriver (No such host is known (msedgedriver.azureedge.net))
2026-06-08 00:13:25 WARN  VersionDetector - Exception reading https://msedgedriver.azureedge.net/LATEST_STABLE to get latest version of msedgedriver (msedgedriver.azureedge.net)
2026-06-08 00:13:25 WARN  VersionDetector - Exception reading https://msedgedriver.azureedge.net/LATEST_STABLE to get latest version of msedgedriver (msedgedriver.azureedge.net)
2026-06-08 00:13:25 INFO  WebDriverManager - Reading https://msedgedriver.azureedge.net/?restype=container&comp=list to seek msedgedriver
2026-06-08 00:13:25 WARN  WebDriverManager - There was an error managing msedgedriver (latest version) (java.net.UnknownHostException: msedgedriver.azureedge.net) ... trying again using latest driver stored in cache
2026-06-08 00:13:25 WARN  VersionDetector - Exception reading https://msedgedriver.azureedge.net/LATEST_STABLE to get latest version of msedgedriver (msedgedriver.azureedge.net)
2026-06-08 00:13:25 WARN  VersionDetector - Exception reading https://msedgedriver.azureedge.net/LATEST_STABLE to get latest version of msedgedriver (msedgedriver.azureedge.net)
2026-06-08 00:13:25 INFO  WebDriverManager - Reading https://msedgedriver.azureedge.net/?restype=container&comp=list to seek msedgedriver
2026-06-08 00:13:25 ERROR WebDriverManager - There was an error managing msedgedriver (latest version) (java.net.UnknownHostException: msedgedriver.azureedge.net)
io.github.bonigarcia.wdm.config.WebDriverManagerException: java.net.UnknownHostException: msedgedriver.azureedge.net
	at io.github.bonigarcia.wdm.managers.EdgeDriverManager.getDriversFromXml(EdgeDriverManager.java:308)
	at io.github.bonigarcia.wdm.managers.EdgeDriverManager.getDriverUrls(EdgeDriverManager.java:138)
	at io.github.bonigarcia.wdm.WebDriverManager.createUrlHandler(WebDriverManager.java:1464)
	at io.github.bonigarcia.wdm.WebDriverManager.download(WebDriverManager.java:1294)
	at io.github.bonigarcia.wdm.WebDriverManager.manage(WebDriverManager.java:1200)
	at io.github.bonigarcia.wdm.WebDriverManager.fallback(WebDriverManager.java:1459)
	at io.github.bonigarcia.wdm.WebDriverManager.handleException(WebDriverManager.java:1437)
	at io.github.bonigarcia.wdm.WebDriverManager.manage(WebDriverManager.java:1206)
	at io.github.bonigarcia.wdm.WebDriverManager.setup(WebDriverManager.java:429)
	at utilities.DriverFactory.initializeDriver(DriverFactory.java:22)
	at base.BaseTest.setup(BaseTest.java:26)
	at java.base/jdk.internal.reflect.DirectMethodHandleAccessor.invoke(DirectMethodHandleAccessor.java:103)
	at java.base/java.lang.reflect.Method.invoke(Method.java:580)
	at org.testng.internal.invokers.MethodInvocationHelper.invokeMethod(MethodInvocationHelper.java:141)
	at org.testng.internal.invokers.MethodInvocationHelper.invokeMethodConsideringTimeout(MethodInvocationHelper.java:71)
	at org.testng.internal.invokers.ConfigInvoker.invokeConfigurationMethod(ConfigInvoker.java:400)
	at org.testng.internal.invokers.ConfigInvoker.invokeConfigurations(ConfigInvoker.java:333)
	at org.testng.internal.invokers.TestInvoker.runConfigMethods(TestInvoker.java:846)
	at org.testng.internal.invokers.TestInvoker.invokeMethod(TestInvoker.java:611)
	at org.testng.internal.invokers.TestInvoker.invokeTestMethod(TestInvoker.java:230)
	at org.testng.internal.invokers.MethodRunner.runInSequence(MethodRunner.java:63)
	at org.testng.internal.invokers.TestInvoker$MethodInvocationAgent.invoke(TestInvoker.java:1005)
	at org.testng.internal.invokers.TestInvoker.invokeTestMethods(TestInvoker.java:203)
	at org.testng.internal.invokers.TestMethodWorker.invokeTestMethods(TestMethodWorker.java:154)
	at org.testng.internal.invokers.TestMethodWorker.run(TestMethodWorker.java:134)
	at java.base/java.util.ArrayList.forEach(ArrayList.java:1596)
	at org.testng.TestRunner.privateRun(TestRunner.java:744)
	at org.testng.TestRunner.run(TestRunner.java:616)
	at org.testng.SuiteRunner.runTest(SuiteRunner.java:421)
	at org.testng.SuiteRunner.runSequentially(SuiteRunner.java:413)
	at org.testng.SuiteRunner.privateRun(SuiteRunner.java:373)
	at org.testng.SuiteRunner.run(SuiteRunner.java:312)
	at org.testng.SuiteRunnerWorker.runSuite(SuiteRunnerWorker.java:52)
	at org.testng.SuiteRunnerWorker.run(SuiteRunnerWorker.java:95)
	at org.testng.TestNG.runSuitesSequentially(TestNG.java:1274)
	at org.testng.TestNG.runSuitesLocally(TestNG.java:1208)
	at org.testng.TestNG.runSuites(TestNG.java:1112)
	at org.testng.TestNG.run(TestNG.java:1079)
	at org.testng.remote.AbstractRemoteTestNG.run(AbstractRemoteTestNG.java:115)
	at org.testng.remote.RemoteTestNG.initAndRun(RemoteTestNG.java:293)
	at org.testng.remote.RemoteTestNG.main(RemoteTestNG.java:91)
Caused by: java.net.UnknownHostException: msedgedriver.azureedge.net
	at java.base/java.net.InetAddress$CachedLookup.get(InetAddress.java:988)
	at java.base/java.net.InetAddress.getAllByName0(InetAddress.java:1818)
	at java.base/java.net.InetAddress.getAllByName(InetAddress.java:1688)
	at org.apache.hc.client5.http.SystemDefaultDnsResolver.resolve(SystemDefaultDnsResolver.java:61)
	at org.apache.hc.client5.http.impl.io.DefaultHttpClientConnectionOperator.connect(DefaultHttpClientConnectionOperator.java:169)
	at org.apache.hc.client5.http.impl.io.PoolingHttpClientConnectionManager.connect(PoolingHttpClientConnectionManager.java:490)
	at org.apache.hc.client5.http.impl.classic.InternalExecRuntime.connectEndpoint(InternalExecRuntime.java:164)
	at org.apache.hc.client5.http.impl.classic.InternalExecRuntime.connectEndpoint(InternalExecRuntime.java:174)
	at org.apache.hc.client5.http.impl.classic.ConnectExec.execute(ConnectExec.java:144)
	at org.apache.hc.client5.http.impl.classic.ExecChainElement.execute(ExecChainElement.java:51)
	at org.apache.hc.client5.http.impl.classic.ProtocolExec.execute(ProtocolExec.java:192)
	at org.apache.hc.client5.http.impl.classic.ExecChainElement.execute(ExecChainElement.java:51)
	at org.apache.hc.client5.http.impl.classic.ContentCompressionExec.execute(ContentCompressionExec.java:150)
	at org.apache.hc.client5.http.impl.classic.ExecChainElement.execute(ExecChainElement.java:51)
	at org.apache.hc.client5.http.impl.classic.HttpRequestRetryExec.execute(HttpRequestRetryExec.java:113)
	at org.apache.hc.client5.http.impl.classic.ExecChainElement.execute(ExecChainElement.java:51)
	at org.apache.hc.client5.http.impl.classic.RedirectExec.execute(RedirectExec.java:110)
	at org.apache.hc.client5.http.impl.classic.ExecChainElement.execute(ExecChainElement.java:51)
	at org.apache.hc.client5.http.impl.classic.InternalHttpClient.doExecute(InternalHttpClient.java:183)
	at org.apache.hc.client5.http.impl.classic.CloseableHttpClient.execute(CloseableHttpClient.java:87)
	at org.apache.hc.client5.http.impl.classic.CloseableHttpClient.execute(CloseableHttpClient.java:55)
	at org.apache.hc.client5.http.classic.HttpClient.executeOpen(HttpClient.java:183)
	at io.github.bonigarcia.wdm.online.HttpClient.execute(HttpClient.java:151)
	at io.github.bonigarcia.wdm.managers.EdgeDriverManager.getDriversFromXml(EdgeDriverManager.java:267)
	... 40 more
2026-06-08 00:15:30 INFO  TableTest - Book Detail Fetch Start
2026-06-08 00:15:30 INFO  TableTest - Maximum Price Book Details:
 [Master In Selenium, Mukesh, Selenium, 3000]
2026-06-08 00:15:30 INFO  TableTest - Book Details Fetched Successfully
2026-06-08 00:18:43 INFO  FormTest - Form Test Started
2026-06-08 00:18:43 INFO  FormTest - Entering Name
2026-06-08 00:18:43 INFO  FormTest - Entering Email
2026-06-08 00:18:43 INFO  FormTest - Entering Phone
2026-06-08 00:18:43 INFO  FormTest - Entering Address
2026-06-08 00:18:43 INFO  FormTest - Entering Gender
2026-06-08 00:18:44 INFO  FormTest - Entering Days
2026-06-08 00:18:44 INFO  FormTest - Entering Country
2026-06-08 00:18:44 INFO  FormTest - Form Test Completed
2026-06-08 00:18:52 INFO  FormTest - Form Test Started
2026-06-08 00:18:52 INFO  FormTest - Entering Name
2026-06-08 00:18:52 INFO  FormTest - Entering Email
2026-06-08 00:18:52 INFO  FormTest - Entering Phone
2026-06-08 00:18:52 INFO  FormTest - Entering Address
2026-06-08 00:18:52 INFO  FormTest - Entering Gender
2026-06-08 00:18:52 INFO  FormTest - Entering Days
2026-06-08 00:18:52 INFO  FormTest - Entering Country
2026-06-08 00:18:52 INFO  FormTest - Form Test Completed
2026-06-08 00:18:59 INFO  ListTest - Single Color Test
2026-06-08 00:19:01 INFO  ListTest - Single Animal Test
2026-06-08 00:19:08 INFO  ListTest - Multiple Color Test
2026-06-08 00:19:11 INFO  ListTest - Multiple Animal Test
2026-06-08 00:19:18 INFO  TableTest - Book Detail Fetch Start
2026-06-08 00:19:18 INFO  TableTest - Maximum Price Book Details:
 [Master In Selenium, Mukesh, Selenium, 3000]
2026-06-08 00:19:18 INFO  TableTest - Book Details Fetched Successfully
2026-06-08 00:19:25 INFO  TableTest - Verifying Dynamic Table Details
2026-06-08 00:19:25 INFO  TableTest - CPU load of Chrome process: 8.5%
2026-06-08 00:19:25 INFO  TableTest - Memory Size of Firefox process: 53.5 MB
2026-06-08 00:19:25 INFO  TableTest - Network speed of Chrome process: 2.9 Mbps
2026-06-08 00:19:25 INFO  TableTest - Disk space of Firefox process: 0.97 MB/s
2026-06-08 00:19:25 INFO  TableTest - Dynamic Table Details Fetched
2026-06-08 00:19:31 INFO  TableTest - Verifying Pagination Table Details
2026-06-08 00:19:34 INFO  TableTest - Selected Row Details: [8, Action Camera, $15.99, ]
2026-06-08 00:19:34 INFO  TableTest - Pagination Table Details Fetched
2026-06-08 00:22:23 INFO  FormTest - Form Test Started
2026-06-08 00:22:23 INFO  FormTest - Entering Name
2026-06-08 00:22:26 INFO  FormTest - Entering Email
2026-06-08 00:22:27 INFO  FormTest - Entering Phone
2026-06-08 00:22:27 INFO  FormTest - Entering Address
2026-06-08 00:22:27 INFO  FormTest - Entering Gender
2026-06-08 00:22:27 INFO  FormTest - Entering Days
2026-06-08 00:22:27 INFO  FormTest - Entering Country
2026-06-08 00:22:27 INFO  FormTest - Form Test Completed
2026-06-08 00:22:34 INFO  FormTest - Form Test Started
2026-06-08 00:22:34 INFO  FormTest - Entering Name
2026-06-08 00:22:38 INFO  FormTest - Entering Email
2026-06-08 00:22:38 INFO  FormTest - Entering Phone
2026-06-08 00:22:38 INFO  FormTest - Entering Address
2026-06-08 00:22:38 INFO  FormTest - Entering Gender
2026-06-08 00:22:38 INFO  FormTest - Entering Days
2026-06-08 00:22:38 INFO  FormTest - Entering Country
2026-06-08 00:22:38 INFO  FormTest - Form Test Completed
2026-06-08 00:22:46 INFO  ListTest - Single Color Test
2026-06-08 00:22:48 INFO  ListTest - Single Animal Test
2026-06-08 00:22:54 INFO  ListTest - Multiple Color Test
2026-06-08 00:22:57 INFO  ListTest - Multiple Animal Test
2026-06-08 00:23:05 INFO  TableTest - Book Detail Fetch Start
2026-06-08 00:23:05 INFO  TableTest - Maximum Price Book Details:
 [Master In Selenium, Mukesh, Selenium, 3000]
2026-06-08 00:23:05 INFO  TableTest - Book Details Fetched Successfully
2026-06-08 00:23:12 INFO  TableTest - Verifying Dynamic Table Details
2026-06-08 00:23:12 INFO  TableTest - CPU load of Chrome process: 0.3%
2026-06-08 00:23:12 INFO  TableTest - Memory Size of Firefox process: 47.7 MB
2026-06-08 00:23:12 INFO  TableTest - Network speed of Chrome process: 6.3 Mbps
2026-06-08 00:23:12 INFO  TableTest - Disk space of Firefox process: 0.52 MB/s
2026-06-08 00:23:12 INFO  TableTest - Dynamic Table Details Fetched
2026-06-08 00:23:18 INFO  TableTest - Verifying Pagination Table Details
2026-06-08 00:23:21 INFO  TableTest - Selected Row Details: [8, Action Camera, $15.99, ]
2026-06-08 00:23:21 INFO  TableTest - Pagination Table Details Fetched
2026-06-08 12:08:48 INFO  DateTest - Date Picker 3 started
2026-06-08 12:08:49 INFO  DateTest - Date Range Result :/nYou selected a range of 15 days.
2026-06-08 12:09:28 INFO  DateTest - Date Picker 3 started
2026-06-08 12:09:28 INFO  DateTest - Date Range Result :
You selected a range of 15 days.
2026-06-08 12:12:54 INFO  DateTest - Date Picker 1 started
2026-06-08 12:12:57 INFO  DateTest - Date Picker 1 Assertion Passed
2026-06-08 12:17:29 INFO  DateTest - Date Picker 1 started
2026-06-08 12:17:33 INFO  DateTest - Date Picker 1 Assertion Passed
2026-06-08 12:17:43 INFO  DateTest - Date Picker 2 started
2026-06-08 12:18:29 INFO  DateTest - Date Picker 1 started
2026-06-08 12:18:32 INFO  DateTest - Date Picker 1 Assertion Passed
2026-06-08 12:18:40 INFO  DateTest - Date Picker 2 started
2026-06-08 12:20:00 INFO  DateTest - Date Picker 2 started
2026-06-08 12:20:58 INFO  DateTest - Date Picker 2 started
2026-06-08 12:20:59 INFO  DateTest - Date Picker 2 Assertion Passed
2026-06-08 12:21:38 INFO  DateTest - Date Picker 2 started
2026-06-08 12:25:22 INFO  DateTest - Date Picker 2 started
2026-06-08 12:27:56 INFO  DateTest - Date Picker 2 started
2026-06-08 12:28:19 INFO  DateTest - Date Picker 1 started
2026-06-08 12:28:22 INFO  DateTest - Date Picker 1 Assertion Passed
2026-06-08 12:28:31 INFO  DateTest - Date Picker 2 started
2026-06-08 12:28:37 INFO  DateTest - Date Picker 3 started
2026-06-08 12:28:38 INFO  DateTest - Date Range Result :
You selected a range of 15 days.
2026-06-08 12:28:38 INFO  DateTest - Date Picker 3 Assertion Passed
2026-06-08 12:29:05 INFO  DateTest - Date Picker 2 started
2026-06-08 12:30:12 INFO  DateTest - Date Picker 1 started
2026-06-08 12:30:15 INFO  DateTest - Date Picker 1 Assertion Passed
2026-06-08 12:30:25 INFO  DateTest - Date Picker 2 started
2026-06-08 12:30:26 INFO  DateTest - Date Picker 2 Assertion Passed
2026-06-08 12:30:33 INFO  DateTest - Date Picker 3 started
2026-06-08 12:30:33 INFO  DateTest - Date Range Result :
You selected a range of 15 days.
2026-06-08 12:30:33 INFO  DateTest - Date Picker 3 Assertion Passed
2026-06-08 12:36:33 INFO  FormTest - Form Test Started
2026-06-08 12:36:33 INFO  FormTest - Entering Name
2026-06-08 12:36:33 INFO  FormTest - Entering Email
2026-06-08 12:36:33 INFO  FormTest - Entering Phone
2026-06-08 12:36:33 INFO  FormTest - Entering Address
2026-06-08 12:36:33 INFO  FormTest - Entering Gender
2026-06-08 12:36:33 INFO  FormTest - Entering Days
2026-06-08 12:36:33 INFO  FormTest - Entering Country
2026-06-08 12:36:33 INFO  FormTest - Name Assertion Passed
2026-06-08 12:36:33 INFO  FormTest - Email Assertion Passed
2026-06-08 12:36:33 INFO  FormTest - Phone Assertion Passed
2026-06-08 12:36:33 INFO  FormTest - Address Assertion Passed
2026-06-08 12:36:34 INFO  FormTest - Country Assertion Passed
2026-06-08 12:36:34 INFO  FormTest - Form Test Completed
2026-06-08 12:36:48 INFO  FormTest - Form Test Started
2026-06-08 12:36:48 INFO  FormTest - Entering Name
2026-06-08 12:36:48 INFO  FormTest - Entering Email
2026-06-08 12:36:48 INFO  FormTest - Entering Phone
2026-06-08 12:36:48 INFO  FormTest - Entering Address
2026-06-08 12:36:48 INFO  FormTest - Entering Gender
2026-06-08 12:36:48 INFO  FormTest - Entering Days
2026-06-08 12:36:48 INFO  FormTest - Entering Country
2026-06-08 12:36:49 INFO  FormTest - Name Assertion Passed
2026-06-08 12:36:49 INFO  FormTest - Email Assertion Passed
2026-06-08 12:36:49 INFO  FormTest - Phone Assertion Passed
2026-06-08 12:36:49 INFO  FormTest - Address Assertion Passed
2026-06-08 12:36:49 INFO  FormTest - Country Assertion Passed
2026-06-08 12:36:49 INFO  FormTest - Form Test Completed
2026-06-08 12:40:02 INFO  DateTest - Date Picker 2 started
2026-06-08 12:40:03 INFO  DateTest - Date Picker 2 Assertion Passed
2026-06-08 12:40:50 INFO  DateTest - Date Picker 2 started
2026-06-08 12:40:51 INFO  DateTest - Date Picker 2 Assertion Passed
2026-06-08 12:47:17 INFO  ListTest - Single Color Test
2026-06-08 12:47:19 INFO  ListTest - Single Animal Test
2026-06-08 12:47:28 INFO  ListTest - Multiple Color Test
2026-06-08 12:47:31 INFO  ListTest - Multiple Animal Test
2026-06-08 12:49:38 INFO  ListTest - Single Color Test
2026-06-08 12:49:40 INFO  ListTest - Single Animal Test
2026-06-08 12:49:48 INFO  ListTest - Multiple Color Test
2026-06-08 12:49:51 INFO  ListTest - Multiple Animal Test
2026-06-08 12:53:46 INFO  ListTest - Single Color Test
2026-06-08 12:53:48 INFO  ListTest - Single Animal Test
2026-06-08 12:53:48 INFO  ListTest - Single color Assertion Passed
2026-06-08 12:53:48 INFO  ListTest - Single Animal Assertion Passed
2026-06-08 12:54:00 INFO  ListTest - Multiple Color Test
2026-06-08 12:54:01 INFO  ListTest - Multiple Color Test
2026-06-08 12:54:06 INFO  ListTest - Multiple Animal Test
2026-06-08 12:54:07 INFO  ListTest - Multiple color Assertion Passed
2026-06-08 12:54:27 INFO  ListTest - Multiple Color Test
2026-06-08 12:54:29 INFO  ListTest - Multiple Animal Test
2026-06-08 12:54:30 INFO  ListTest - Multiple color Assertion Passed
2026-06-08 12:54:30 INFO  ListTest - Multiple Animal Assertion Passed
2026-06-08 13:02:11 INFO  TableTest - Book Detail Fetch Start
2026-06-08 13:02:11 INFO  TableTest - Maximum Price Book Details:
 [Master In Selenium, Mukesh, Selenium, 3000]
2026-06-08 13:02:20 INFO  TableTest - Verifying Dynamic Table Details
2026-06-08 13:02:20 INFO  TableTest - CPU load of Chrome process: 4.5%
2026-06-08 13:02:20 INFO  TableTest - Memory Size of Firefox process: 99.3 MB
2026-06-08 13:02:20 INFO  TableTest - Network speed of Chrome process: 9.1 Mbps
2026-06-08 13:02:20 INFO  TableTest - Disk space of Firefox process: 0.99 MB/s
2026-06-08 13:02:20 INFO  TableTest - Dynamic Table Assertion Passed
2026-06-08 13:02:20 INFO  TableTest - Dynamic Table Details Fetched
2026-06-08 13:02:28 INFO  TableTest - Verifying Pagination Table Details
2026-06-08 13:02:30 INFO  TableTest - Selected Row Details: [8, Action Camera, $15.99, ]
2026-06-08 13:03:12 INFO  TableTest - Book Detail Fetch Start
2026-06-08 13:03:13 INFO  TableTest - Maximum Price Book Details:
 [Master In Selenium, Mukesh, Selenium, 3000]
2026-06-08 13:03:13 INFO  TableTest - Maximum Price Book Assertion Passed
2026-06-08 13:03:13 INFO  TableTest - Book Details Fetched Successfully
2026-06-08 13:03:21 INFO  TableTest - Verifying Dynamic Table Details
2026-06-08 13:03:21 INFO  TableTest - CPU load of Chrome process: 1.0%
2026-06-08 13:03:21 INFO  TableTest - Memory Size of Firefox process: 53.1 MB
2026-06-08 13:03:21 INFO  TableTest - Network speed of Chrome process: 5.0 Mbps
2026-06-08 13:03:21 INFO  TableTest - Disk space of Firefox process: 0.21 MB/s
2026-06-08 13:03:21 INFO  TableTest - Dynamic Table Assertion Passed
2026-06-08 13:03:21 INFO  TableTest - Dynamic Table Details Fetched
2026-06-08 13:03:29 INFO  TableTest - Verifying Pagination Table Details
2026-06-08 13:03:32 INFO  TableTest - Selected Row Details: [8, Action Camera, $15.99, ]
2026-06-08 13:03:32 INFO  TableTest - Pagination Table Assertion Passed
2026-06-08 13:03:32 INFO  TableTest - Pagination Table Details Fetched
2026-06-08 14:17:05 INFO  GUIFormTest - Form Test Started
2026-06-08 14:17:05 INFO  GUIFormTest - Entering Name
2026-06-08 14:17:05 INFO  GUIFormTest - Entering Email
2026-06-08 14:17:05 INFO  GUIFormTest - Entering Phone
2026-06-08 14:17:05 INFO  GUIFormTest - Entering Address
2026-06-08 14:17:05 INFO  GUIFormTest - Entering Gender
2026-06-08 14:17:05 INFO  GUIFormTest - Entering Days
2026-06-08 14:17:06 INFO  GUIFormTest - Entering Country
2026-06-08 14:17:06 INFO  GUIFormTest - Name Assertion Passed
2026-06-08 14:17:06 INFO  GUIFormTest - Email Assertion Passed
2026-06-08 14:17:06 INFO  GUIFormTest - Phone Assertion Passed
2026-06-08 14:17:06 INFO  GUIFormTest - Address Assertion Passed
2026-06-08 14:17:06 INFO  GUIFormTest - Country Assertion Passed
2026-06-08 14:17:06 INFO  GUIFormTest - Form Test Completed
2026-06-08 14:17:16 INFO  GUIFormTest - Form Test Started
2026-06-08 14:17:16 INFO  GUIFormTest - Entering Name
2026-06-08 14:17:16 INFO  GUIFormTest - Entering Email
2026-06-08 14:17:16 INFO  GUIFormTest - Entering Phone
2026-06-08 14:17:16 INFO  GUIFormTest - Entering Address
2026-06-08 14:17:16 INFO  GUIFormTest - Entering Gender
2026-06-08 14:17:17 INFO  GUIFormTest - Entering Days
2026-06-08 14:17:17 INFO  GUIFormTest - Entering Country
2026-06-08 14:17:17 INFO  GUIFormTest - Name Assertion Passed
2026-06-08 14:17:17 INFO  GUIFormTest - Email Assertion Passed
2026-06-08 14:17:17 INFO  GUIFormTest - Phone Assertion Passed
2026-06-08 14:17:17 INFO  GUIFormTest - Address Assertion Passed
2026-06-08 14:17:17 INFO  GUIFormTest - Country Assertion Passed
2026-06-08 14:17:17 INFO  GUIFormTest - Form Test Completed
2026-06-08 14:17:25 INFO  ListTest - Single Color Test
2026-06-08 14:17:28 INFO  ListTest - Single Animal Test
2026-06-08 14:17:28 INFO  ListTest - Single color Assertion Passed
2026-06-08 14:17:28 INFO  ListTest - Single Animal Assertion Passed
2026-06-08 14:17:37 INFO  ListTest - Multiple Color Test
2026-06-08 14:17:40 INFO  ListTest - Multiple Animal Test
2026-06-08 14:17:40 INFO  ListTest - Multiple color Assertion Passed
2026-06-08 14:17:40 INFO  ListTest - Multiple Animal Assertion Passed
2026-06-08 14:17:49 INFO  TableTest - Book Detail Fetch Start
2026-06-08 14:17:49 INFO  TableTest - Maximum Price Book Details:
 [Master In Selenium, Mukesh, Selenium, 3000]
2026-06-08 14:17:49 INFO  TableTest - Maximum Price Book Assertion Passed
2026-06-08 14:17:49 INFO  TableTest - Book Details Fetched Successfully
2026-06-08 14:17:57 INFO  TableTest - Verifying Dynamic Table Details
2026-06-08 14:17:57 INFO  TableTest - CPU load of Chrome process: 1.8%
2026-06-08 14:17:57 INFO  TableTest - Memory Size of Firefox process: 84.0 MB
2026-06-08 14:17:57 INFO  TableTest - Network speed of Chrome process: 1.9 Mbps
2026-06-08 14:17:57 INFO  TableTest - Disk space of Firefox process: 0.65 MB/s
2026-06-08 14:17:57 INFO  TableTest - Dynamic Table Assertion Passed
2026-06-08 14:17:57 INFO  TableTest - Dynamic Table Details Fetched
2026-06-08 14:18:06 INFO  TableTest - Verifying Pagination Table Details
2026-06-08 14:18:08 INFO  TableTest - Selected Row Details: [8, Action Camera, $15.99, ]
2026-06-08 14:18:08 INFO  TableTest - Pagination Table Assertion Passed
2026-06-08 14:18:08 INFO  TableTest - Pagination Table Details Fetched
2026-06-08 14:19:01 INFO  DateTest - Date Picker 1 started
2026-06-08 14:19:04 INFO  DateTest - Date Picker 1 Assertion Passed
2026-06-08 14:19:13 INFO  DateTest - Date Picker 2 started
2026-06-08 14:19:13 INFO  DateTest - Date Picker 2 Assertion Passed
2026-06-08 14:19:22 INFO  DateTest - Date Picker 3 started
2026-06-08 14:19:22 INFO  DateTest - Date Range Result :
You selected a range of 15 days.
2026-06-08 14:19:22 INFO  DateTest - Date Picker 3 Assertion Passed
2026-06-08 14:19:30 INFO  GUIFormTest - Form Test Started
2026-06-08 14:19:30 INFO  GUIFormTest - Entering Name
2026-06-08 14:19:30 INFO  GUIFormTest - Entering Email
2026-06-08 14:19:30 INFO  GUIFormTest - Entering Phone
2026-06-08 14:19:30 INFO  GUIFormTest - Entering Address
2026-06-08 14:19:30 INFO  GUIFormTest - Entering Gender
2026-06-08 14:19:30 INFO  GUIFormTest - Entering Days
2026-06-08 14:19:30 INFO  GUIFormTest - Entering Country
2026-06-08 14:19:31 INFO  GUIFormTest - Name Assertion Passed
2026-06-08 14:19:31 INFO  GUIFormTest - Email Assertion Passed
2026-06-08 14:19:31 INFO  GUIFormTest - Phone Assertion Passed
2026-06-08 14:19:31 INFO  GUIFormTest - Address Assertion Passed
2026-06-08 14:19:31 INFO  GUIFormTest - Country Assertion Passed
2026-06-08 14:19:31 INFO  GUIFormTest - Form Test Completed
2026-06-08 14:19:40 INFO  GUIFormTest - Form Test Started
2026-06-08 14:19:40 INFO  GUIFormTest - Entering Name
2026-06-08 14:19:40 INFO  GUIFormTest - Entering Email
2026-06-08 14:19:40 INFO  GUIFormTest - Entering Phone
2026-06-08 14:19:40 INFO  GUIFormTest - Entering Address
2026-06-08 14:19:40 INFO  GUIFormTest - Entering Gender
2026-06-08 14:19:40 INFO  GUIFormTest - Entering Days
2026-06-08 14:19:40 INFO  GUIFormTest - Entering Country
2026-06-08 14:19:41 INFO  GUIFormTest - Name Assertion Passed
2026-06-08 14:19:41 INFO  GUIFormTest - Email Assertion Passed
2026-06-08 14:19:41 INFO  GUIFormTest - Phone Assertion Passed
2026-06-08 14:19:41 INFO  GUIFormTest - Address Assertion Passed
2026-06-08 14:19:41 INFO  GUIFormTest - Country Assertion Passed
2026-06-08 14:19:41 INFO  GUIFormTest - Form Test Completed
2026-06-08 14:19:49 INFO  ListTest - Single Color Test
2026-06-08 14:19:51 INFO  ListTest - Single Animal Test
2026-06-08 14:19:51 INFO  ListTest - Single color Assertion Passed
2026-06-08 14:19:51 INFO  ListTest - Single Animal Assertion Passed
2026-06-08 14:20:00 INFO  ListTest - Multiple Color Test
2026-06-08 14:20:02 INFO  ListTest - Multiple Animal Test
2026-06-08 14:20:03 INFO  ListTest - Multiple color Assertion Passed
2026-06-08 14:20:03 INFO  ListTest - Multiple Animal Assertion Passed
2026-06-08 14:20:11 INFO  TableTest - Book Detail Fetch Start
2026-06-08 14:20:11 INFO  TableTest - Maximum Price Book Details:
 [Master In Selenium, Mukesh, Selenium, 3000]
2026-06-08 14:20:11 INFO  TableTest - Maximum Price Book Assertion Passed
2026-06-08 14:20:11 INFO  TableTest - Book Details Fetched Successfully
2026-06-08 14:20:27 INFO  TableTest - Verifying Dynamic Table Details
2026-06-08 14:20:27 INFO  TableTest - CPU load of Chrome process: 6.3%
2026-06-08 14:20:27 INFO  TableTest - Memory Size of Firefox process: 90.7 MB
2026-06-08 14:20:27 INFO  TableTest - Network speed of Chrome process: 8.0 Mbps
2026-06-08 14:20:27 INFO  TableTest - Disk space of Firefox process: 0.12 MB/s
2026-06-08 14:20:27 INFO  TableTest - Dynamic Table Assertion Passed
2026-06-08 14:20:27 INFO  TableTest - Dynamic Table Details Fetched
2026-06-08 14:20:35 INFO  TableTest - Verifying Pagination Table Details
2026-06-08 14:20:37 INFO  TableTest - Selected Row Details: [8, Action Camera, $15.99, ]
2026-06-08 14:20:37 INFO  TableTest - Pagination Table Assertion Passed
2026-06-08 14:20:37 INFO  TableTest - Pagination Table Details Fetched
2026-06-08 14:44:43 INFO  UploadTest - Single File Upload Started
2026-06-08 14:44:43 INFO  UploadTest - Upload Message : Single file selected: sample.txt, Size: 21 bytes, Type: text/plain
2026-06-08 14:44:43 INFO  UploadTest - Single File Upload Assertion Passed
2026-06-08 14:44:51 INFO  UploadTest - Multiple File Upload Started
2026-06-08 14:50:29 INFO  UploadTest - Multiple File Upload Started
2026-06-08 14:50:29 INFO  UploadTest - Upload Message : Multiple files selected:
demo.txt, Size: 19 bytes, Type: text/plain
sample.txt, Size: 21 bytes, Type: text/plain
2026-06-08 15:05:05 INFO  FormTest - Form Test Started
2026-06-08 15:05:05 INFO  FormTest - Section 1 Assertion Passed
2026-06-08 15:05:05 INFO  FormTest - Section 2 Assertion Passed
2026-06-08 15:05:05 INFO  FormTest - Section 3 Assertion Passed
2026-06-08 15:05:05 INFO  FormTest - Form Test Completed
2026-06-08 15:29:26 INFO  HiddenAjaxTest - Hidden Ajax Test Started
2026-06-08 15:30:57 INFO  HiddenAjaxTest - Hidden Ajax Test Started
2026-06-08 15:32:51 INFO  HiddenAjaxTest - Hidden Ajax Test Started
2026-06-08 15:35:49 INFO  HiddenAjaxTest - Hidden Ajax Test Started
2026-06-08 15:42:22 INFO  HiddenAjaxTest - Hidden Ajax Test Started
2026-06-08 15:43:26 INFO  HiddenAjaxTest - Hidden Ajax Test Started
2026-06-08 15:44:37 INFO  HiddenAjaxTest - Hidden Ajax Test Started
2026-06-08 15:45:15 INFO  HiddenAjaxTest - Hidden Ajax Test Started
2026-06-08 15:45:22 INFO  HiddenAjaxTest - Ajax Status Assertion Passed
2026-06-08 15:45:22 INFO  HiddenAjaxTest - Hidden Ajax Test Completed
2026-06-08 15:50:33 INFO  DownloadFilesTest - Download File Test Started
2026-06-08 15:50:45 INFO  DownloadFilesTest - Current URL : https://testautomationpractice.blogspot.com/p/download-files_25.html
2026-06-08 15:50:45 INFO  DownloadFilesTest - Download Files Test Passed
2026-06-08 16:04:36 INFO  TabTest - Wiki Pedia Search Test
2026-06-08 16:04:49 INFO  TabTest - Total Result Found: 0
2026-06-08 16:05:26 INFO  TabTest - Wiki Pedia Search Test
2026-06-08 16:05:47 INFO  TabTest - Wiki Pedia Search Test
2026-06-08 16:05:59 INFO  TabTest - Total Result Found: 5
2026-06-08 16:06:40 INFO  TabTest - Wiki Pedia Search Test
2026-06-08 16:06:53 INFO  TabTest - Total Result Found: 0
2026-06-08 16:10:47 INFO  TabTest - Wiki Pedia Search Test
2026-06-08 16:10:50 INFO  TabTest - Total Result Found: 5
2026-06-08 16:35:16 INFO  DynamicButtonTest - Dynamic Button Test Started
2026-06-08 16:37:53 INFO  DynamicButtonTest - Dynamic Button Test Started
2026-06-08 16:37:53 INFO  DynamicButtonTest - Clicking START Button
2026-06-08 16:37:53 INFO  DynamicButtonTest - STOP Button Displayed
2026-06-08 16:37:53 INFO  DynamicButtonTest - Clicking STOP Button
2026-06-08 16:37:53 INFO  DynamicButtonTest - START Button Displayed Again
2026-06-08 16:37:53 INFO  DynamicButtonTest - Dynamic Button Test Passed
2026-06-08 16:41:45 INFO  DynamicButtonTest - Dynamic Button Test Started
2026-06-08 16:41:45 INFO  DynamicButtonTest - Clicking START Button
2026-06-08 16:41:46 INFO  DynamicButtonTest - STOP Button Displayed
2026-06-08 16:41:48 INFO  DynamicButtonTest - Clicking STOP Button
2026-06-08 16:41:48 INFO  DynamicButtonTest - START Button Displayed Again
2026-06-08 16:41:48 INFO  DynamicButtonTest - Dynamic Button Test Passed
2026-06-08 16:42:00 INFO  DynamicButtonTest - Dynamic Button Test Started
2026-06-08 16:42:00 INFO  DynamicButtonTest - Clicking START Button
2026-06-08 16:42:00 INFO  DynamicButtonTest - STOP Button Displayed
2026-06-08 16:42:02 INFO  DynamicButtonTest - Clicking STOP Button
2026-06-08 16:42:02 INFO  DynamicButtonTest - START Button Displayed Again
2026-06-08 16:42:02 INFO  DynamicButtonTest - Dynamic Button Test Passed
2026-06-08 17:09:14 INFO  AlertTest - Simple Alert Test Started
2026-06-08 17:09:14 INFO  AlertTest - Simple Alert Accepted Successfully
2026-06-08 17:09:21 INFO  AlertTest - Confirm Alert Accept Test Started
2026-06-08 17:09:21 INFO  AlertTest - Confirm Alert Result : You pressed OK!
2026-06-08 17:09:27 INFO  AlertTest - Confirm Alert Dismiss Test Started
2026-06-08 17:09:27 INFO  AlertTest - Confirm Alert Result : You pressed Cancel!
2026-06-08 17:09:35 INFO  AlertTest - Prompt Alert Accept Test Started
2026-06-08 17:09:35 INFO  AlertTest - Prompt Alert Result : Hello David! How are you today?
2026-06-08 17:09:41 INFO  AlertTest - Prompt Alert Dismiss Test Started
2026-06-08 17:09:42 INFO  AlertTest - Prompt Alert Result : User cancelled the prompt.
2026-06-08 17:22:56 INFO  MouseHoverTest - Mouse Hover and Mobiles Click Successful
2026-06-08 17:23:03 INFO  MouseHoverTest - Mouse Hover and Laptops Click Successful
2026-06-08 17:49:36 INFO  SliderTest - Slider moved successfully
2026-06-08 17:53:52 INFO  AlertTest - Simple Alert Test Started
2026-06-08 17:53:52 INFO  AlertTest - Simple Alert Accepted Successfully
2026-06-08 17:55:29 INFO  AlertTest - Simple Alert Test Started
2026-06-08 17:55:29 INFO  AlertTest - Simple Alert Accepted Successfully
2026-06-08 17:55:36 INFO  AlertTest - Confirm Alert Accept Test Started
2026-06-08 17:55:36 INFO  AlertTest - Confirm Alert Result : You pressed OK!
2026-06-08 17:55:43 INFO  AlertTest - Confirm Alert Dismiss Test Started
2026-06-08 17:55:43 INFO  AlertTest - Confirm Alert Result : You pressed Cancel!
2026-06-08 17:55:50 INFO  AlertTest - Prompt Alert Accept Test Started
2026-06-08 17:55:50 INFO  AlertTest - Prompt Alert Result : Hello David! How are you today?
2026-06-08 17:55:57 INFO  AlertTest - Prompt Alert Dismiss Test Started
2026-06-08 17:55:57 INFO  AlertTest - Prompt Alert Result : User cancelled the prompt.
2026-06-08 17:57:12 INFO  SliderTest - Slider moved successfully
2026-06-08 18:06:34 INFO  SliderTest - Slider moved successfully
2026-06-08 18:07:11 INFO  SliderTest - Slider moved successfully
2026-06-08 18:12:30 INFO  SliderTest - Slider moved successfully
2026-06-08 18:13:02 INFO  SliderTest - Slider moved successfully
2026-06-08 18:20:47 INFO  DateTest - Date Picker 1 started
2026-06-08 18:21:05 INFO  DateTest - Date Picker 2 started
2026-06-08 18:21:57 INFO  DateTest - Date Picker 1 started
2026-06-08 18:22:01 INFO  DateTest - Date Picker 1 Assertion Passed
2026-06-08 18:26:55 INFO  DownloadFilesTest - Download File Test Started
2026-06-08 18:27:07 INFO  DownloadFilesTest - Current URL : https://testautomationpractice.blogspot.com/p/download-files_25.html
2026-06-08 18:27:07 INFO  DownloadFilesTest - Download Files Test Passed
2026-06-08 18:29:30 INFO  DragDropTest - Drag and Drop Test Started
2026-06-08 18:29:30 INFO  DragDropTest - Drag and Drop Test Passed
2026-06-08 18:29:30 INFO  DragDropTest - Drop Result: Dropped!
2026-06-08 18:31:14 INFO  DynamicButtonTest - Dynamic Button Test Started
2026-06-08 18:31:14 INFO  DynamicButtonTest - Clicking START Button
2026-06-08 18:31:14 INFO  DynamicButtonTest - STOP Button Displayed
2026-06-08 18:31:16 INFO  DynamicButtonTest - Clicking STOP Button
2026-06-08 18:31:17 INFO  DynamicButtonTest - START Button Displayed Again
2026-06-08 18:31:17 INFO  DynamicButtonTest - Dynamic Button Test Passed
2026-06-08 18:33:31 INFO  FormTest - Form Test Started
2026-06-08 18:33:57 INFO  FormTest - Form Test Started
2026-06-08 18:33:58 INFO  FormTest - Section 1 Assertion Passed
2026-06-08 18:33:58 INFO  FormTest - Section 2 Assertion Passed
2026-06-08 18:33:58 INFO  FormTest - Section 3 Assertion Passed
2026-06-08 18:33:58 INFO  FormTest - Form Test Completed
2026-06-08 22:42:57 INFO  GUIFormTest - Form Test Started
2026-06-08 22:42:57 INFO  GUIFormTest - Entering Name
2026-06-08 22:42:57 INFO  GUIFormTest - Entering Email
2026-06-08 22:42:57 INFO  GUIFormTest - Entering Phone
2026-06-08 22:42:57 INFO  GUIFormTest - Entering Address
2026-06-08 22:42:57 INFO  GUIFormTest - Entering Gender
2026-06-08 22:42:57 INFO  GUIFormTest - Entering Days
2026-06-08 22:42:58 INFO  GUIFormTest - Entering Country
2026-06-08 22:42:58 INFO  GUIFormTest - Name Assertion Passed
2026-06-08 22:42:58 INFO  GUIFormTest - Email Assertion Passed
2026-06-08 22:42:58 INFO  GUIFormTest - Phone Assertion Passed
2026-06-08 22:42:58 INFO  GUIFormTest - Address Assertion Passed
2026-06-08 22:42:58 INFO  GUIFormTest - Country Assertion Passed
2026-06-08 22:42:58 INFO  GUIFormTest - Form Test Completed
2026-06-08 22:43:05 INFO  GUIFormTest - Form Test Started
2026-06-08 22:43:05 INFO  GUIFormTest - Entering Name
2026-06-08 22:43:05 INFO  GUIFormTest - Entering Email
2026-06-08 22:43:05 INFO  GUIFormTest - Entering Phone
2026-06-08 22:43:05 INFO  GUIFormTest - Entering Address
2026-06-08 22:43:05 INFO  GUIFormTest - Entering Gender
2026-06-08 22:43:05 INFO  GUIFormTest - Entering Days
2026-06-08 22:43:05 INFO  GUIFormTest - Entering Country
2026-06-08 22:43:05 INFO  GUIFormTest - Name Assertion Passed
2026-06-08 22:43:05 INFO  GUIFormTest - Email Assertion Passed
2026-06-08 22:43:05 INFO  GUIFormTest - Phone Assertion Passed
2026-06-08 22:43:05 INFO  GUIFormTest - Address Assertion Passed
2026-06-08 22:43:05 INFO  GUIFormTest - Country Assertion Passed
2026-06-08 22:43:05 INFO  GUIFormTest - Form Test Completed
2026-06-08 22:43:30 INFO  HiddenAjaxTest - Hidden Ajax Test Started
2026-06-08 22:43:40 INFO  HiddenAjaxTest - Ajax Status Assertion Passed
2026-06-08 22:43:40 INFO  HiddenAjaxTest - Hidden Ajax Test Completed
2026-06-08 22:47:04 INFO  HiddenAjaxTest - Hidden Ajax Test Started
2026-06-08 22:47:11 INFO  HiddenAjaxTest - Ajax Status Assertion Passed
2026-06-08 22:47:11 INFO  HiddenAjaxTest - Hidden Ajax Test Completed
2026-06-08 22:47:56 INFO  ListTest - Single Color Test
2026-06-08 22:47:58 INFO  ListTest - Single Animal Test
2026-06-08 22:47:58 INFO  ListTest - Single color Assertion Passed
2026-06-08 22:47:58 INFO  ListTest - Single Animal Assertion Passed
2026-06-08 22:48:13 INFO  ListTest - Multiple Color Test
2026-06-08 22:48:16 INFO  ListTest - Multiple Animal Test
2026-06-08 22:48:17 INFO  ListTest - Multiple color Assertion Passed
2026-06-08 22:48:17 INFO  ListTest - Multiple Animal Assertion Passed
2026-06-08 22:56:41 INFO  ListTest - Single Color Test
2026-06-08 22:56:43 INFO  ListTest - Single Animal Test
2026-06-08 22:56:43 INFO  ListTest - Single color Assertion Passed
2026-06-08 22:56:43 INFO  ListTest - Single Animal Assertion Passed
2026-06-08 22:56:50 INFO  ListTest - Multiple Color Test
2026-06-08 22:56:53 INFO  ListTest - Multiple Animal Test
2026-06-08 22:56:53 INFO  ListTest - Multiple color Assertion Passed
2026-06-08 22:56:53 INFO  ListTest - Multiple Animal Assertion Passed
2026-06-08 22:57:28 INFO  MouseHoverTest - Mouse Hover Test 1
2026-06-08 22:57:28 INFO  MouseHoverTest - Mouse Hover and Mobiles Click Successful
2026-06-08 22:57:34 INFO  MouseHoverTest - Mouse Hover Test 2
2026-06-08 22:58:44 INFO  MouseHoverTest - Mouse Hover Test 2
2026-06-08 22:58:48 INFO  MouseHoverTest - Mouse Hover and Laptops Click Successful
2026-06-08 22:59:02 INFO  MouseHoverTest - Mouse Hover Test 1
2026-06-08 22:59:02 INFO  MouseHoverTest - Mouse Hover and Mobiles Click Successful
2026-06-08 22:59:09 INFO  MouseHoverTest - Mouse Hover Test 2
2026-06-08 22:59:09 INFO  MouseHoverTest - Mouse Hover and Laptops Click Successful
2026-06-08 23:02:00 INFO  MouseHoverTest - Mouse Hover Test 1
2026-06-08 23:02:01 INFO  MouseHoverTest - Mouse Hover and Mobiles Click Successful
2026-06-08 23:02:11 INFO  MouseHoverTest - Mouse Hover Test 2
2026-06-08 23:02:12 INFO  MouseHoverTest - Mouse Hover and Laptops Click Successful
2026-06-08 23:03:08 INFO  MouseHoverTest - Mouse Hover Test 1
2026-06-08 23:03:10 INFO  MouseHoverTest - Mouse Hover and Mobiles Click Successful
2026-06-08 23:03:19 INFO  MouseHoverTest - Mouse Hover Test 2
2026-06-08 23:03:21 INFO  MouseHoverTest - Mouse Hover and Laptops Click Successful
2026-06-08 23:05:36 INFO  MouseHoverTest - Mouse Hover Test 1
2026-06-08 23:05:38 INFO  MouseHoverTest - Mouse Hover and Mobiles Click Successful
2026-06-08 23:05:45 INFO  MouseHoverTest - Mouse Hover Test 2
2026-06-08 23:05:46 INFO  MouseHoverTest - Mouse Hover and Laptops Click Successful
2026-06-08 23:09:45 INFO  TableTest - Book Detail Fetch Start
2026-06-08 23:09:45 INFO  TableTest - Maximum Price Book Details:
 [Master In Selenium, Mukesh, Selenium, 3000]
2026-06-08 23:09:45 INFO  TableTest - Maximum Price Book Assertion Passed
2026-06-08 23:09:45 INFO  TableTest - Book Details Fetched Successfully
2026-06-08 23:09:52 INFO  TableTest - Verifying Dynamic Table Details
2026-06-08 23:09:52 INFO  TableTest - CPU load of Chrome process: 5.3%
2026-06-08 23:09:52 INFO  TableTest - Memory Size of Firefox process: 42.2 MB
2026-06-08 23:09:52 INFO  TableTest - Network speed of Chrome process: 2.8 Mbps
2026-06-08 23:09:52 INFO  TableTest - Disk space of Firefox process: 0.63 MB/s
2026-06-08 23:09:52 INFO  TableTest - Dynamic Table Assertion Passed
2026-06-08 23:09:52 INFO  TableTest - Dynamic Table Details Fetched
2026-06-08 23:09:58 INFO  TableTest - Verifying Pagination Table Details
2026-06-08 23:10:00 INFO  TableTest - Selected Row Details: [8, Action Camera, $15.99, ]
2026-06-08 23:10:00 INFO  TableTest - Pagination Table Assertion Passed
2026-06-08 23:10:00 INFO  TableTest - Pagination Table Details Fetched
2026-06-08 23:28:54 INFO  TableTest - Book Detail Fetch Start
2026-06-08 23:28:56 INFO  TableTest - Maximum Price Book Details:
 [Master In Selenium, Mukesh, Selenium, 3000]
2026-06-08 23:28:56 INFO  TableTest - Maximum Price Book Assertion Passed
2026-06-08 23:28:56 INFO  TableTest - Book Details Fetched Successfully
2026-06-08 23:29:03 INFO  TableTest - Verifying Dynamic Table Details
2026-06-08 23:29:03 INFO  TableTest - CPU load of Chrome process: 8.6%
2026-06-08 23:29:03 INFO  TableTest - Memory Size of Firefox process: 37.0 MB
2026-06-08 23:29:03 INFO  TableTest - Network speed of Chrome process: 5.4 Mbps
2026-06-08 23:29:03 INFO  TableTest - Disk space of Firefox process: 0.59 MB/s
2026-06-08 23:29:03 INFO  TableTest - Dynamic Table Assertion Passed
2026-06-08 23:29:03 INFO  TableTest - Dynamic Table Details Fetched
2026-06-08 23:29:09 INFO  TableTest - Verifying Pagination Table Details
2026-06-08 23:29:10 INFO  TableTest - Selected Row Details: [8, Action Camera, $15.99, ]
2026-06-08 23:29:10 INFO  TableTest - Pagination Table Assertion Passed
2026-06-08 23:29:10 INFO  TableTest - Pagination Table Details Fetched
2026-06-08 23:31:34 INFO  UploadTest - Single File Upload Started
2026-06-08 23:31:34 INFO  UploadTest - Upload Message : Single file selected: sample.txt, Size: 21 bytes, Type: text/plain
2026-06-08 23:31:34 INFO  UploadTest - Single File Upload Assertion Passed
2026-06-08 23:31:41 INFO  UploadTest - Multiple File Upload Started
2026-06-08 23:31:41 INFO  UploadTest - Upload Message : Multiple files selected:
demo.txt, Size: 19 bytes, Type: text/plain
sample.txt, Size: 21 bytes, Type: text/plain
2026-06-08 23:31:41 INFO  UploadTest - Multiple File Upload Assertion 1 Passed
2026-06-08 23:31:41 INFO  UploadTest - Multiple File Upload Assertion 2 Passed
2026-06-08 23:31:41 INFO  UploadTest - Multiple File Upload Completed
2026-06-08 23:35:13 INFO  UploadTest - Single File Upload Started
2026-06-08 23:35:13 INFO  UploadTest - Upload Message : Single file selected: sample.txt, Size: 21 bytes, Type: text/plain
2026-06-08 23:35:13 INFO  UploadTest - Single File Upload Assertion Passed
2026-06-08 23:35:19 INFO  UploadTest - Multiple File Upload Started
2026-06-08 23:35:19 INFO  UploadTest - Upload Message : Multiple files selected:
demo.txt, Size: 19 bytes, Type: text/plain
sample.txt, Size: 21 bytes, Type: text/plain
2026-06-08 23:35:19 INFO  UploadTest - Multiple File Upload Assertion 1 Passed
2026-06-08 23:35:19 INFO  UploadTest - Multiple File Upload Assertion 2 Passed
2026-06-08 23:35:19 INFO  UploadTest - Multiple File Upload Completed
2026-06-09 00:10:56 INFO  DropDownTest - Scrolling Dropdown Test Started
2026-06-09 00:10:58 INFO  DropDownTest - Selected Option: 
2026-06-09 00:11:24 INFO  DropDownTest - Scrolling Dropdown Test Started
2026-06-09 00:11:25 INFO  DropDownTest - Selected Option: 
2026-06-09 00:12:03 INFO  DropDownTest - Scrolling Dropdown Test Started
2026-06-09 00:12:04 INFO  DropDownTest - Selected Option: 
2026-06-09 00:14:05 INFO  DropDownTest - Scrolling Dropdown Test Started
2026-06-09 00:14:06 INFO  DropDownTest - Selected Option: Item 59
2026-06-09 00:14:06 INFO  DropDownTest - Scrolling Dropdown Test Passed
2026-06-09 00:49:17 INFO  LabelLinkTest - Mobile Labels Test Started
2026-06-09 00:49:17 INFO  LabelLinkTest - Mobile Label : Samsung
2026-06-09 00:49:17 INFO  LabelLinkTest - Mobile Label : Real Me
2026-06-09 00:49:17 INFO  LabelLinkTest - Mobile Label : Moto
2026-06-09 00:49:17 INFO  LabelLinkTest - Mobile Labels Test Passed
2026-06-09 00:49:23 INFO  LabelLinkTest - Laptop Links Test Started
2026-06-09 00:49:23 INFO  LabelLinkTest - Laptop Link : Apple
2026-06-09 00:49:23 INFO  LabelLinkTest - Laptop Link : Lenovo
2026-06-09 00:49:23 INFO  LabelLinkTest - Laptop Link : Dell
2026-06-09 00:49:23 INFO  LabelLinkTest - Laptop Links Test Passed
2026-06-09 00:49:30 INFO  LabelLinkTest - Broken Links Test Started
2026-06-09 00:49:36 INFO  LabelLinkTest - Errorcode 400 -> 400
2026-06-09 00:49:36 INFO  LabelLinkTest - Errorcode 401 -> 401
2026-06-09 00:49:36 INFO  LabelLinkTest - Errorcode 403 -> 403
2026-06-09 00:49:36 INFO  LabelLinkTest - Errorcode 404 -> 404
2026-06-09 00:49:36 INFO  LabelLinkTest - Errorcode 408 -> 408
2026-06-09 00:49:36 INFO  LabelLinkTest - Errorcode 500 -> 500
2026-06-09 00:49:36 INFO  LabelLinkTest - Errorcode 502 -> 502
2026-06-09 00:49:36 INFO  LabelLinkTest - Errorcode 503 -> 503
2026-06-09 00:49:36 INFO  LabelLinkTest - Broken Links Test Passed
2026-06-09 00:56:51 INFO  GUIFormTest - Form Test Started
2026-06-09 00:56:51 INFO  GUIFormTest - Entering Name
2026-06-09 00:56:53 INFO  GUIFormTest - Entering Email
2026-06-09 00:56:53 INFO  GUIFormTest - Entering Phone
2026-06-09 00:56:53 INFO  GUIFormTest - Entering Address
2026-06-09 00:56:53 INFO  GUIFormTest - Entering Gender
2026-06-09 00:56:53 INFO  GUIFormTest - Entering Days
2026-06-09 00:56:54 INFO  GUIFormTest - Entering Country
2026-06-09 00:56:54 INFO  GUIFormTest - Name Assertion Passed
2026-06-09 00:56:54 INFO  GUIFormTest - Email Assertion Passed
2026-06-09 00:56:54 INFO  GUIFormTest - Phone Assertion Passed
2026-06-09 00:56:54 INFO  GUIFormTest - Address Assertion Passed
2026-06-09 00:56:54 INFO  GUIFormTest - Country Assertion Passed
2026-06-09 00:56:54 INFO  GUIFormTest - Form Test Completed
2026-06-09 00:57:01 INFO  GUIFormTest - Form Test Started
2026-06-09 00:57:01 INFO  GUIFormTest - Entering Name
2026-06-09 00:57:01 INFO  GUIFormTest - Entering Email
2026-06-09 00:57:01 INFO  GUIFormTest - Entering Phone
2026-06-09 00:57:01 INFO  GUIFormTest - Entering Address
2026-06-09 00:57:01 INFO  GUIFormTest - Entering Gender
2026-06-09 00:57:01 INFO  GUIFormTest - Entering Days
2026-06-09 00:57:01 INFO  GUIFormTest - Entering Country
2026-06-09 00:57:01 INFO  GUIFormTest - Name Assertion Passed
2026-06-09 00:57:01 INFO  GUIFormTest - Email Assertion Passed
2026-06-09 00:57:01 INFO  GUIFormTest - Phone Assertion Passed
2026-06-09 00:57:01 INFO  GUIFormTest - Address Assertion Passed
2026-06-09 00:57:01 INFO  GUIFormTest - Country Assertion Passed
2026-06-09 00:57:01 INFO  GUIFormTest - Form Test Completed
2026-06-09 00:57:08 INFO  ListTest - Single Color Test
2026-06-09 00:57:10 INFO  ListTest - Single Animal Test
2026-06-09 00:57:10 INFO  ListTest - Single color Assertion Passed
2026-06-09 00:57:10 INFO  ListTest - Single Animal Assertion Passed
2026-06-09 00:57:17 INFO  ListTest - Multiple Color Test
2026-06-09 00:57:20 INFO  ListTest - Multiple Animal Test
2026-06-09 00:57:20 INFO  ListTest - Multiple color Assertion Passed
2026-06-09 00:57:21 INFO  ListTest - Multiple Animal Assertion Passed
2026-06-09 00:57:27 INFO  DateTest - Date Picker 1 started
2026-06-09 00:57:29 INFO  DateTest - Date Picker 1 Assertion Passed
2026-06-09 00:57:36 INFO  DateTest - Date Picker 2 started
2026-06-09 00:57:37 INFO  DateTest - Date Picker 2 Assertion Passed
2026-06-09 00:57:43 INFO  DateTest - Date Picker 3 started
2026-06-09 00:57:44 INFO  DateTest - Date Range Result :
You selected a range of 15 days.
2026-06-09 00:57:44 INFO  DateTest - Date Picker 3 Assertion Passed
2026-06-09 00:57:50 INFO  UploadTest - Single File Upload Started
2026-06-09 00:57:50 INFO  UploadTest - Upload Message : Single file selected: sample.txt, Size: 21 bytes, Type: text/plain
2026-06-09 00:57:50 INFO  UploadTest - Single File Upload Assertion Passed
2026-06-09 00:57:56 INFO  UploadTest - Multiple File Upload Started
2026-06-09 00:57:56 INFO  UploadTest - Upload Message : Multiple files selected:
demo.txt, Size: 19 bytes, Type: text/plain
sample.txt, Size: 21 bytes, Type: text/plain
2026-06-09 00:57:56 INFO  UploadTest - Multiple File Upload Assertion 1 Passed
2026-06-09 00:57:56 INFO  UploadTest - Multiple File Upload Assertion 2 Passed
2026-06-09 00:57:56 INFO  UploadTest - Multiple File Upload Completed
2026-06-09 00:58:03 INFO  TableTest - Book Detail Fetch Start
2026-06-09 00:58:03 INFO  TableTest - Maximum Price Book Details:
 [Master In Selenium, Mukesh, Selenium, 3000]
2026-06-09 00:58:03 INFO  TableTest - Maximum Price Book Assertion Passed
2026-06-09 00:58:03 INFO  TableTest - Book Details Fetched Successfully
2026-06-09 00:58:11 INFO  TableTest - Verifying Dynamic Table Details
2026-06-09 00:58:11 INFO  TableTest - CPU load of Chrome process: 3.0%
2026-06-09 00:58:11 INFO  TableTest - Memory Size of Firefox process: 32.3 MB
2026-06-09 00:58:11 INFO  TableTest - Network speed of Chrome process: 4.8 Mbps
2026-06-09 00:58:11 INFO  TableTest - Disk space of Firefox process: 0.64 MB/s
2026-06-09 00:58:11 INFO  TableTest - Dynamic Table Assertion Passed
2026-06-09 00:58:11 INFO  TableTest - Dynamic Table Details Fetched
2026-06-09 00:58:18 INFO  TableTest - Verifying Pagination Table Details
2026-06-09 00:58:19 INFO  TableTest - Selected Row Details: [8, Action Camera, $15.99, ]
2026-06-09 00:58:19 INFO  TableTest - Pagination Table Assertion Passed
2026-06-09 00:58:19 INFO  TableTest - Pagination Table Details Fetched
2026-06-09 00:58:22 INFO  FormTest - Form Test Started
2026-06-09 00:58:25 INFO  FormTest - Section 1 Assertion Passed
2026-06-09 00:58:25 INFO  FormTest - Section 2 Assertion Passed
2026-06-09 00:58:25 INFO  FormTest - Section 3 Assertion Passed
2026-06-09 00:58:25 INFO  FormTest - Form Test Completed
2026-06-09 00:58:33 INFO  HiddenAjaxTest - Hidden Ajax Test Started
2026-06-09 00:58:40 INFO  HiddenAjaxTest - Ajax Status Assertion Passed
2026-06-09 00:58:40 INFO  HiddenAjaxTest - Hidden Ajax Test Completed
2026-06-09 00:58:46 INFO  DownloadFilesTest - Download File Test Started
2026-06-09 00:58:59 INFO  DownloadFilesTest - Current URL : https://testautomationpractice.blogspot.com/p/download-files_25.html
2026-06-09 00:58:59 INFO  DownloadFilesTest - Download Files Test Passed
2026-06-09 00:59:05 INFO  TabTest - Wiki Pedia Search Test
2026-06-09 00:59:08 INFO  TabTest - Total Result Found: 5
2026-06-09 00:59:15 INFO  DynamicButtonTest - Dynamic Button Test Started
2026-06-09 00:59:15 INFO  DynamicButtonTest - Clicking START Button
2026-06-09 00:59:15 INFO  DynamicButtonTest - STOP Button Displayed
2026-06-09 00:59:17 INFO  DynamicButtonTest - Clicking STOP Button
2026-06-09 00:59:17 INFO  DynamicButtonTest - START Button Displayed Again
2026-06-09 00:59:17 INFO  DynamicButtonTest - Dynamic Button Test Passed
2026-06-09 00:59:23 INFO  AlertTest - Simple Alert Test Started
2026-06-09 00:59:23 INFO  AlertTest - Simple Alert Accepted Successfully
2026-06-09 00:59:30 INFO  AlertTest - Confirm Alert Accept Test Started
2026-06-09 00:59:30 INFO  AlertTest - Confirm Alert Result : You pressed OK!
2026-06-09 00:59:35 INFO  AlertTest - Confirm Alert Dismiss Test Started
2026-06-09 00:59:38 INFO  AlertTest - Confirm Alert Result : You pressed Cancel!
2026-06-09 00:59:44 INFO  AlertTest - Prompt Alert Accept Test Started
2026-06-09 00:59:44 INFO  AlertTest - Prompt Alert Result : Hello David! How are you today?
2026-06-09 00:59:50 INFO  AlertTest - Prompt Alert Dismiss Test Started
2026-06-09 00:59:51 INFO  AlertTest - Prompt Alert Result : User cancelled the prompt.
2026-06-09 00:59:55 INFO  MouseHoverTest - Mouse Hover Test 1
2026-06-09 00:59:59 INFO  MouseHoverTest - Mouse Hover and Mobiles Click Successful
2026-06-09 01:00:05 INFO  MouseHoverTest - Mouse Hover Test 2
2026-06-09 01:00:07 INFO  MouseHoverTest - Mouse Hover and Laptops Click Successful
2026-06-09 01:00:13 INFO  DoubleClickTest - Double Click Test Started
2026-06-09 01:00:14 INFO  DoubleClickTest - Original Text : Hello World!
2026-06-09 01:00:14 INFO  DoubleClickTest - Copied Text   : Hello World!
2026-06-09 01:00:14 INFO  DoubleClickTest - Double Click Test Passed
2026-06-09 01:00:20 INFO  DragDropTest - Drag and Drop Test Started
2026-06-09 01:00:20 INFO  DragDropTest - Drag and Drop Test Passed
2026-06-09 01:00:20 INFO  DragDropTest - Drop Result: Dropped!
2026-06-09 01:00:31 INFO  SliderTest - Slider moved successfully
2026-06-09 01:00:38 INFO  SvgTest - Starting Svg Element Test
2026-06-09 01:00:39 INFO  SvgTest - Red Circle Displayed : true
2026-06-09 01:00:39 INFO  SvgTest - Green Rectangle Displayed : true
2026-06-09 01:00:39 INFO  SvgTest - Blue Triangle Displayed : true
2026-06-09 01:00:39 INFO  SvgTest - Svg Element Test Completed
2026-06-09 01:00:45 INFO  DropDownTest - Scrolling Dropdown Test Started
2026-06-09 01:00:47 INFO  DropDownTest - Selected Option: Item 59
2026-06-09 01:00:47 INFO  DropDownTest - Scrolling Dropdown Test Passed
2026-06-09 01:00:53 INFO  LabelLinkTest - Mobile Labels Test Started
2026-06-09 01:00:53 INFO  LabelLinkTest - Mobile Label : Samsung
2026-06-09 01:00:53 INFO  LabelLinkTest - Mobile Label : Real Me
2026-06-09 01:00:53 INFO  LabelLinkTest - Mobile Label : Moto
2026-06-09 01:00:53 INFO  LabelLinkTest - Mobile Labels Test Passed
2026-06-09 01:01:01 INFO  LabelLinkTest - Laptop Links Test Started
2026-06-09 01:01:01 INFO  LabelLinkTest - Laptop Link : Apple
2026-06-09 01:01:01 INFO  LabelLinkTest - Laptop Link : Lenovo
2026-06-09 01:01:01 INFO  LabelLinkTest - Laptop Link : Dell
2026-06-09 01:01:01 INFO  LabelLinkTest - Laptop Links Test Passed
2026-06-09 01:01:08 INFO  LabelLinkTest - Broken Links Test Started
2026-06-09 01:01:14 INFO  LabelLinkTest - Errorcode 400 -> 400
2026-06-09 01:01:14 INFO  LabelLinkTest - Errorcode 401 -> 401
2026-06-09 01:01:14 INFO  LabelLinkTest - Errorcode 403 -> 403
2026-06-09 01:01:14 INFO  LabelLinkTest - Errorcode 404 -> 404
2026-06-09 01:01:14 INFO  LabelLinkTest - Errorcode 408 -> 408
2026-06-09 01:01:14 INFO  LabelLinkTest - Errorcode 500 -> 500
2026-06-09 01:01:14 INFO  LabelLinkTest - Errorcode 502 -> 502
2026-06-09 01:01:14 INFO  LabelLinkTest - Errorcode 503 -> 503
2026-06-09 01:01:14 INFO  LabelLinkTest - Broken Links Test Passed
2026-06-09 01:03:09 INFO  AlertTest - Simple Alert Test Started
2026-06-09 01:03:09 INFO  AlertTest - Simple Alert Accepted Successfully
2026-06-09 01:03:15 INFO  AlertTest - Confirm Alert Accept Test Started
2026-06-09 01:03:16 INFO  AlertTest - Confirm Alert Result : You pressed OK!
2026-06-09 01:03:22 INFO  AlertTest - Confirm Alert Dismiss Test Started
2026-06-09 01:03:22 INFO  AlertTest - Confirm Alert Result : You pressed Cancel!
2026-06-09 01:03:28 INFO  AlertTest - Prompt Alert Accept Test Started
2026-06-09 01:03:28 INFO  AlertTest - Prompt Alert Result : Hello David! How are you today?
2026-06-09 01:03:35 INFO  AlertTest - Prompt Alert Dismiss Test Started
2026-06-09 01:03:35 INFO  AlertTest - Prompt Alert Result : User cancelled the prompt.
2026-06-09 01:03:42 INFO  DateTest - Date Picker 1 started
2026-06-09 01:03:44 INFO  DateTest - Date Picker 1 Assertion Passed
2026-06-09 01:03:53 INFO  DateTest - Date Picker 2 started
2026-06-09 01:03:53 INFO  DateTest - Date Picker 2 Assertion Passed
2026-06-09 01:04:00 INFO  DateTest - Date Picker 3 started
2026-06-09 01:04:00 INFO  DateTest - Date Range Result :
You selected a range of 15 days.
2026-06-09 01:04:00 INFO  DateTest - Date Picker 3 Assertion Passed
2026-06-09 01:04:06 INFO  DoubleClickTest - Double Click Test Started
2026-06-09 01:04:06 INFO  DoubleClickTest - Original Text : Hello World!
2026-06-09 01:04:06 INFO  DoubleClickTest - Copied Text   : Hello World!
2026-06-09 01:04:06 INFO  DoubleClickTest - Double Click Test Passed
2026-06-09 01:04:12 INFO  DownloadFilesTest - Download File Test Started
2026-06-09 01:04:25 INFO  DownloadFilesTest - Current URL : https://testautomationpractice.blogspot.com/p/download-files_25.html
2026-06-09 01:04:25 INFO  DownloadFilesTest - Download Files Test Passed
2026-06-09 01:04:31 INFO  DragDropTest - Drag and Drop Test Started
2026-06-09 01:04:32 INFO  DragDropTest - Drag and Drop Test Passed
2026-06-09 01:04:32 INFO  DragDropTest - Drop Result: Dropped!
2026-06-09 01:04:38 INFO  DropDownTest - Scrolling Dropdown Test Started
2026-06-09 01:04:39 INFO  DropDownTest - Selected Option: Item 59
2026-06-09 01:04:39 INFO  DropDownTest - Scrolling Dropdown Test Passed
2026-06-09 01:04:45 INFO  DynamicButtonTest - Dynamic Button Test Started
2026-06-09 01:04:45 INFO  DynamicButtonTest - Clicking START Button
2026-06-09 01:04:45 INFO  DynamicButtonTest - STOP Button Displayed
2026-06-09 01:04:47 INFO  DynamicButtonTest - Clicking STOP Button
2026-06-09 01:04:48 INFO  DynamicButtonTest - START Button Displayed Again
2026-06-09 01:04:48 INFO  DynamicButtonTest - Dynamic Button Test Passed
2026-06-09 01:04:54 INFO  FormTest - Form Test Started
2026-06-09 01:04:54 INFO  FormTest - Section 1 Assertion Passed
2026-06-09 01:04:54 INFO  FormTest - Section 2 Assertion Passed
2026-06-09 01:04:54 INFO  FormTest - Section 3 Assertion Passed
2026-06-09 01:04:54 INFO  FormTest - Form Test Completed
2026-06-09 01:05:07 INFO  GUIFormTest - Form Test Started
2026-06-09 01:05:07 INFO  GUIFormTest - Entering Name
2026-06-09 01:05:07 INFO  GUIFormTest - Entering Email
2026-06-09 01:05:07 INFO  GUIFormTest - Entering Phone
2026-06-09 01:05:07 INFO  GUIFormTest - Entering Address
2026-06-09 01:05:07 INFO  GUIFormTest - Entering Gender
2026-06-09 01:05:07 INFO  GUIFormTest - Entering Days
2026-06-09 01:05:08 INFO  GUIFormTest - Entering Country
2026-06-09 01:05:08 INFO  GUIFormTest - Name Assertion Passed
2026-06-09 01:05:08 INFO  GUIFormTest - Email Assertion Passed
2026-06-09 01:05:08 INFO  GUIFormTest - Phone Assertion Passed
2026-06-09 01:05:08 INFO  GUIFormTest - Address Assertion Passed
2026-06-09 01:05:08 INFO  GUIFormTest - Country Assertion Passed
2026-06-09 01:05:08 INFO  GUIFormTest - Form Test Completed
2026-06-09 01:05:14 INFO  GUIFormTest - Form Test Started
2026-06-09 01:05:14 INFO  GUIFormTest - Entering Name
2026-06-09 01:05:15 INFO  GUIFormTest - Entering Email
2026-06-09 01:05:15 INFO  GUIFormTest - Entering Phone
2026-06-09 01:05:15 INFO  GUIFormTest - Entering Address
2026-06-09 01:05:15 INFO  GUIFormTest - Entering Gender
2026-06-09 01:05:15 INFO  GUIFormTest - Entering Days
2026-06-09 01:05:15 INFO  GUIFormTest - Entering Country
2026-06-09 01:05:15 INFO  GUIFormTest - Name Assertion Passed
2026-06-09 01:05:15 INFO  GUIFormTest - Email Assertion Passed
2026-06-09 01:05:15 INFO  GUIFormTest - Phone Assertion Passed
2026-06-09 01:05:15 INFO  GUIFormTest - Address Assertion Passed
2026-06-09 01:05:15 INFO  GUIFormTest - Country Assertion Passed
2026-06-09 01:05:15 INFO  GUIFormTest - Form Test Completed
2026-06-09 01:05:22 INFO  HiddenAjaxTest - Hidden Ajax Test Started
2026-06-09 01:05:29 INFO  HiddenAjaxTest - Ajax Status Assertion Passed
2026-06-09 01:05:29 INFO  HiddenAjaxTest - Hidden Ajax Test Completed
2026-06-09 01:05:35 INFO  LabelLinkTest - Mobile Labels Test Started
2026-06-09 01:05:35 INFO  LabelLinkTest - Mobile Label : Samsung
2026-06-09 01:05:35 INFO  LabelLinkTest - Mobile Label : Real Me
2026-06-09 01:05:35 INFO  LabelLinkTest - Mobile Label : Moto
2026-06-09 01:05:35 INFO  LabelLinkTest - Mobile Labels Test Passed
2026-06-09 01:05:41 INFO  LabelLinkTest - Laptop Links Test Started
2026-06-09 01:05:42 INFO  LabelLinkTest - Laptop Link : Apple
2026-06-09 01:05:42 INFO  LabelLinkTest - Laptop Link : Lenovo
2026-06-09 01:05:42 INFO  LabelLinkTest - Laptop Link : Dell
2026-06-09 01:05:42 INFO  LabelLinkTest - Laptop Links Test Passed
2026-06-09 01:05:48 INFO  LabelLinkTest - Broken Links Test Started
2026-06-09 01:05:54 INFO  LabelLinkTest - Errorcode 400 -> 400
2026-06-09 01:05:54 INFO  LabelLinkTest - Errorcode 401 -> 401
2026-06-09 01:05:54 INFO  LabelLinkTest - Errorcode 403 -> 403
2026-06-09 01:05:54 INFO  LabelLinkTest - Errorcode 404 -> 404
2026-06-09 01:05:54 INFO  LabelLinkTest - Errorcode 408 -> 408
2026-06-09 01:05:54 INFO  LabelLinkTest - Errorcode 500 -> 500
2026-06-09 01:05:54 INFO  LabelLinkTest - Errorcode 502 -> 502
2026-06-09 01:05:54 INFO  LabelLinkTest - Errorcode 503 -> 503
2026-06-09 01:05:54 INFO  LabelLinkTest - Broken Links Test Passed
2026-06-09 01:06:01 INFO  ListTest - Single Color Test
2026-06-09 01:06:03 INFO  ListTest - Single Animal Test
2026-06-09 01:06:03 INFO  ListTest - Single color Assertion Passed
2026-06-09 01:06:03 INFO  ListTest - Single Animal Assertion Passed
2026-06-09 01:06:09 INFO  ListTest - Multiple Color Test
2026-06-09 01:06:12 INFO  ListTest - Multiple Animal Test
2026-06-09 01:06:13 INFO  ListTest - Multiple color Assertion Passed
2026-06-09 01:06:13 INFO  ListTest - Multiple Animal Assertion Passed
2026-06-09 01:06:20 INFO  MouseHoverTest - Mouse Hover Test 1
2026-06-09 01:06:21 INFO  MouseHoverTest - Mouse Hover and Mobiles Click Successful
2026-06-09 01:06:27 INFO  MouseHoverTest - Mouse Hover Test 2
2026-06-09 01:06:29 INFO  MouseHoverTest - Mouse Hover and Laptops Click Successful
2026-06-09 01:06:39 INFO  SliderTest - Slider moved successfully
2026-06-09 01:06:46 INFO  SvgTest - Starting Svg Element Test
2026-06-09 01:06:47 INFO  SvgTest - Red Circle Displayed : true
2026-06-09 01:06:47 INFO  SvgTest - Green Rectangle Displayed : true
2026-06-09 01:06:47 INFO  SvgTest - Blue Triangle Displayed : true
2026-06-09 01:06:47 INFO  SvgTest - Svg Element Test Completed
2026-06-09 01:06:55 INFO  TableTest - Book Detail Fetch Start
2026-06-09 01:06:55 INFO  TableTest - Maximum Price Book Details:
 [Master In Selenium, Mukesh, Selenium, 3000]
2026-06-09 01:06:55 INFO  TableTest - Maximum Price Book Assertion Passed
2026-06-09 01:06:55 INFO  TableTest - Book Details Fetched Successfully
2026-06-09 01:07:01 INFO  TableTest - Verifying Dynamic Table Details
2026-06-09 01:07:01 INFO  TableTest - CPU load of Chrome process: 5.1%
2026-06-09 01:07:01 INFO  TableTest - Memory Size of Firefox process: 91.4 MB
2026-06-09 01:07:01 INFO  TableTest - Network speed of Chrome process: 2.8 Mbps
2026-06-09 01:07:01 INFO  TableTest - Disk space of Firefox process: 0.61 MB/s
2026-06-09 01:07:01 INFO  TableTest - Dynamic Table Assertion Passed
2026-06-09 01:07:01 INFO  TableTest - Dynamic Table Details Fetched
2026-06-09 01:07:08 INFO  TableTest - Verifying Pagination Table Details
2026-06-09 01:07:09 INFO  TableTest - Selected Row Details: [8, Action Camera, $15.99, ]
2026-06-09 01:07:09 INFO  TableTest - Pagination Table Assertion Passed
2026-06-09 01:07:09 INFO  TableTest - Pagination Table Details Fetched
2026-06-09 01:07:12 INFO  TabTest - Wiki Pedia Search Test
2026-06-09 01:07:18 INFO  TabTest - Total Result Found: 5
2026-06-09 01:07:24 INFO  UploadTest - Single File Upload Started
2026-06-09 01:07:25 INFO  UploadTest - Upload Message : Single file selected: sample.txt, Size: 21 bytes, Type: text/plain
2026-06-09 01:07:25 INFO  UploadTest - Single File Upload Assertion Passed
2026-06-09 01:07:31 INFO  UploadTest - Multiple File Upload Started
2026-06-09 01:07:31 INFO  UploadTest - Upload Message : Multiple files selected:
demo.txt, Size: 19 bytes, Type: text/plain
sample.txt, Size: 21 bytes, Type: text/plain
2026-06-09 01:07:31 INFO  UploadTest - Multiple File Upload Assertion 1 Passed
2026-06-09 01:07:31 INFO  UploadTest - Multiple File Upload Assertion 2 Passed
2026-06-09 01:07:31 INFO  UploadTest - Multiple File Upload Completed
2026-06-09 22:47:26 INFO  DragDropTest - Drag and Drop Test Started
2026-06-09 22:47:29 INFO  DynamicButtonTest - Dynamic Button Test Started
2026-06-09 22:47:29 INFO  DynamicButtonTest - Clicking START Button
2026-06-09 22:47:33 INFO  GUIFormTest - Form Test Started
2026-06-09 22:47:33 INFO  GUIFormTest - Entering Name
2026-06-09 22:47:37 INFO  DownloadFilesTest - Download File Test Started
2026-06-09 22:47:41 INFO  DynamicButtonTest - STOP Button Displayed
2026-06-09 22:47:41 INFO  DragDropTest - Drag and Drop Test Passed
2026-06-09 22:47:41 INFO  DragDropTest - Drop Result: Dropped!
2026-06-09 22:47:43 INFO  DynamicButtonTest - Clicking STOP Button
2026-06-09 22:47:56 INFO  DoubleClickTest - Double Click Test Started
2026-06-09 22:47:58 INFO  AlertTest - Simple Alert Test Started
2026-06-09 22:47:58 INFO  GUIFormTest - Form Test Started
2026-06-09 22:47:58 INFO  GUIFormTest - Entering Name
2026-06-10 00:32:42 INFO  ShadowDomTest - Shadow DOM Test Started
2026-06-10 00:34:19 INFO  ShadowDomTest - Shadow DOM Test Started
2026-06-10 00:35:47 INFO  ShadowDomTest - Shadow DOM Test Started
2026-06-10 00:38:00 INFO  ShadowDomTest - Shadow DOM Test Started
2026-06-10 00:38:00 INFO  ShadowDomTest - Mobile Label : Mobiles
2026-06-10 00:39:35 INFO  ShadowDomTest - Shadow DOM Test Started
2026-06-10 00:39:35 INFO  ShadowDomTest - Mobile Label : Mobiles
2026-06-10 00:39:35 INFO  ShadowDomTest - Laptop Label : Laptops
2026-06-10 00:40:42 INFO  ShadowDomTest - Shadow DOM Test Started
2026-06-10 00:40:42 INFO  ShadowDomTest - Mobile Label : Mobiles
2026-06-10 00:41:03 INFO  ShadowDomTest - Shadow DOM Test Started
2026-06-10 00:41:03 INFO  ShadowDomTest - Mobile Label : Mobiles
2026-06-10 00:42:11 INFO  ShadowDomTest - Shadow DOM Test Started
2026-06-10 00:42:11 INFO  ShadowDomTest - Mobile Label : Mobiles
2026-06-10 00:42:11 INFO  ShadowDomTest - Laptop Label : Laptops
2026-06-10 00:42:54 INFO  ShadowDomTest - Shadow DOM Test Started
2026-06-10 00:42:54 INFO  ShadowDomTest - Mobile Label : Mobiles
2026-06-10 00:42:54 INFO  ShadowDomTest - Laptop Label : Laptops
2026-06-10 00:42:54 INFO  ShadowDomTest - Blog Link : Blog
2026-06-10 00:42:54 INFO  ShadowDomTest - Entered Text : Shadow DOM Testing
2026-06-10 00:42:54 INFO  ShadowDomTest - CheckBox Selected : true
2026-06-10 00:42:54 INFO  ShadowDomTest - Uploaded File : C:\fakepath\sample.txt
2026-06-10 00:42:54 INFO  ShadowDomTest - Youtube Link : Youtube
2026-06-10 00:42:54 INFO  ShadowDomTest - Shadow DOM Test Passed
2026-06-10 00:46:30 INFO  GUIFormTest - Form Test Started
2026-06-10 00:46:30 INFO  GUIFormTest - Entering Name
2026-06-10 00:46:33 INFO  DragDropTest - Drag and Drop Test Started
2026-06-10 00:46:36 INFO  DownloadFilesTest - Download File Test Started
2026-06-10 00:46:41 INFO  DynamicButtonTest - Dynamic Button Test Started
2026-06-10 00:46:41 INFO  DynamicButtonTest - Clicking START Button
2026-06-10 00:47:56 INFO  GUIFormTest - Form Test Started
2026-06-10 00:47:56 INFO  GUIFormTest - Entering Name
2026-06-10 00:47:56 INFO  GUIFormTest - Entering Email
2026-06-10 00:47:56 INFO  GUIFormTest - Entering Phone
2026-06-10 00:47:56 INFO  GUIFormTest - Entering Address
2026-06-10 00:47:56 INFO  GUIFormTest - Entering Gender
2026-06-10 00:47:56 INFO  GUIFormTest - Entering Days
2026-06-10 00:47:56 INFO  GUIFormTest - Entering Country
2026-06-10 00:47:56 INFO  GUIFormTest - Name Assertion Passed
2026-06-10 00:47:56 INFO  GUIFormTest - Email Assertion Passed
2026-06-10 00:47:56 INFO  GUIFormTest - Phone Assertion Passed
2026-06-10 00:47:56 INFO  GUIFormTest - Address Assertion Passed
2026-06-10 00:47:57 INFO  GUIFormTest - Country Assertion Passed
2026-06-10 00:47:57 INFO  GUIFormTest - Form Test Completed
2026-06-10 00:48:05 INFO  GUIFormTest - Form Test Started
2026-06-10 00:48:05 INFO  GUIFormTest - Entering Name
2026-06-10 00:48:05 INFO  GUIFormTest - Entering Email
2026-06-10 00:48:05 INFO  GUIFormTest - Entering Phone
2026-06-10 00:48:05 INFO  GUIFormTest - Entering Address
2026-06-10 00:48:05 INFO  GUIFormTest - Entering Gender
2026-06-10 00:48:05 INFO  GUIFormTest - Entering Days
2026-06-10 00:48:06 INFO  GUIFormTest - Entering Country
2026-06-10 00:48:06 INFO  GUIFormTest - Name Assertion Passed
2026-06-10 00:48:06 INFO  GUIFormTest - Email Assertion Passed
2026-06-10 00:48:06 INFO  GUIFormTest - Phone Assertion Passed
2026-06-10 00:48:06 INFO  GUIFormTest - Address Assertion Passed
2026-06-10 00:48:06 INFO  GUIFormTest - Country Assertion Passed
2026-06-10 00:48:06 INFO  GUIFormTest - Form Test Completed
2026-06-10 00:48:13 INFO  ListTest - Single Color Test
2026-06-10 00:48:15 INFO  ListTest - Single Animal Test
2026-06-10 00:48:15 INFO  ListTest - Single color Assertion Passed
2026-06-10 00:48:15 INFO  ListTest - Single Animal Assertion Passed
2026-06-10 00:48:20 INFO  ListTest - Multiple Color Test
2026-06-10 00:48:25 INFO  ListTest - Multiple Animal Test
2026-06-10 00:48:26 INFO  ListTest - Multiple color Assertion Passed
2026-06-10 00:48:26 INFO  ListTest - Multiple Animal Assertion Passed
2026-06-10 00:48:31 INFO  DateTest - Date Picker 1 started
2026-06-10 00:48:36 INFO  DateTest - Date Picker 1 Assertion Passed
2026-06-10 00:48:44 INFO  DateTest - Date Picker 2 started
2026-06-10 00:48:44 INFO  DateTest - Date Picker 2 Assertion Passed
2026-06-10 00:48:53 INFO  DateTest - Date Picker 3 started
2026-06-10 00:48:54 INFO  DateTest - Date Range Result :
You selected a range of 15 days.
2026-06-10 00:48:54 INFO  DateTest - Date Picker 3 Assertion Passed
2026-06-10 00:49:02 INFO  UploadTest - Single File Upload Started
2026-06-10 00:49:02 INFO  UploadTest - Upload Message : Single file selected: sample.txt, Size: 21 bytes, Type: text/plain
2026-06-10 00:49:02 INFO  UploadTest - Single File Upload Assertion Passed
2026-06-10 00:49:06 INFO  UploadTest - Multiple File Upload Started
2026-06-10 00:49:08 INFO  UploadTest - Upload Message : Multiple files selected:
demo.txt, Size: 19 bytes, Type: text/plain
sample.txt, Size: 21 bytes, Type: text/plain
2026-06-10 00:49:08 INFO  UploadTest - Multiple File Upload Assertion 1 Passed
2026-06-10 00:49:08 INFO  UploadTest - Multiple File Upload Assertion 2 Passed
2026-06-10 00:49:08 INFO  UploadTest - Multiple File Upload Completed
2026-06-10 00:49:15 INFO  TableTest - Book Detail Fetch Start
2026-06-10 00:49:15 INFO  TableTest - Maximum Price Book Details:
 [Master In Selenium, Mukesh, Selenium, 3000]
2026-06-10 00:49:15 INFO  TableTest - Maximum Price Book Assertion Passed
2026-06-10 00:49:15 INFO  TableTest - Book Details Fetched Successfully
2026-06-10 00:49:22 INFO  TableTest - Verifying Dynamic Table Details
2026-06-10 00:49:22 INFO  TableTest - CPU load of Chrome process: 4.8%
2026-06-10 00:49:22 INFO  TableTest - Memory Size of Firefox process: 50.5 MB
2026-06-10 00:49:22 INFO  TableTest - Network speed of Chrome process: 1.0 Mbps
2026-06-10 00:49:22 INFO  TableTest - Disk space of Firefox process: 0.30 MB/s
2026-06-10 00:49:22 INFO  TableTest - Dynamic Table Assertion Passed
2026-06-10 00:49:22 INFO  TableTest - Dynamic Table Details Fetched
2026-06-10 00:49:26 INFO  TableTest - Verifying Pagination Table Details
2026-06-10 00:49:31 INFO  TableTest - Selected Row Details: [8, Action Camera, $15.99, ]
2026-06-10 00:49:31 INFO  TableTest - Pagination Table Assertion Passed
2026-06-10 00:49:31 INFO  TableTest - Pagination Table Details Fetched
2026-06-10 00:49:39 INFO  FormTest - Form Test Started
2026-06-10 00:49:39 INFO  FormTest - Section 1 Assertion Passed
2026-06-10 00:49:39 INFO  FormTest - Section 2 Assertion Passed
2026-06-10 00:49:39 INFO  FormTest - Section 3 Assertion Passed
2026-06-10 00:49:39 INFO  FormTest - Form Test Completed
2026-06-10 00:49:44 INFO  HiddenAjaxTest - Hidden Ajax Test Started
2026-06-10 00:49:50 INFO  HiddenAjaxTest - Ajax Status Assertion Passed
2026-06-10 00:49:50 INFO  HiddenAjaxTest - Hidden Ajax Test Completed
2026-06-10 00:49:57 INFO  DownloadFilesTest - Download File Test Started
2026-06-10 00:50:09 INFO  DownloadFilesTest - Current URL : https://testautomationpractice.blogspot.com/p/download-files_25.html
2026-06-10 00:50:09 INFO  DownloadFilesTest - Download Files Test Passed
2026-06-10 00:50:16 INFO  TabTest - Wiki Pedia Search Test
2026-06-10 00:50:19 INFO  TabTest - Total Result Found: 5
2026-06-10 00:50:26 INFO  DynamicButtonTest - Dynamic Button Test Started
2026-06-10 00:50:26 INFO  DynamicButtonTest - Clicking START Button
2026-06-10 00:50:26 INFO  DynamicButtonTest - STOP Button Displayed
2026-06-10 00:50:28 INFO  DynamicButtonTest - Clicking STOP Button
2026-06-10 00:50:28 INFO  DynamicButtonTest - START Button Displayed Again
2026-06-10 00:50:28 INFO  DynamicButtonTest - Dynamic Button Test Passed
2026-06-10 00:50:35 INFO  AlertTest - Simple Alert Test Started
2026-06-10 00:50:35 INFO  AlertTest - Simple Alert Accepted Successfully
2026-06-10 00:50:42 INFO  AlertTest - Confirm Alert Accept Test Started
2026-06-10 00:50:42 INFO  AlertTest - Confirm Alert Result : You pressed OK!
2026-06-10 00:50:49 INFO  AlertTest - Confirm Alert Dismiss Test Started
2026-06-10 00:50:49 INFO  AlertTest - Confirm Alert Result : You pressed Cancel!
2026-06-10 00:50:54 INFO  AlertTest - Prompt Alert Accept Test Started
2026-06-10 00:50:56 INFO  AlertTest - Prompt Alert Result : Hello David! How are you today?
2026-06-10 00:51:01 INFO  AlertTest - Prompt Alert Dismiss Test Started
2026-06-10 00:51:04 INFO  AlertTest - Prompt Alert Result : User cancelled the prompt.
2026-06-10 00:51:10 INFO  MouseHoverTest - Mouse Hover Test 1
2026-06-10 00:51:12 INFO  MouseHoverTest - Mouse Hover and Mobiles Click Successful
2026-06-10 00:51:17 INFO  MouseHoverTest - Mouse Hover Test 2
2026-06-10 00:51:20 INFO  MouseHoverTest - Mouse Hover and Laptops Click Successful
2026-06-10 00:51:27 INFO  DoubleClickTest - Double Click Test Started
2026-06-10 00:51:27 INFO  DoubleClickTest - Original Text : Hello World!
2026-06-10 00:51:27 INFO  DoubleClickTest - Copied Text   : Hello World!
2026-06-10 00:51:27 INFO  DoubleClickTest - Double Click Test Passed
2026-06-10 00:51:34 INFO  DragDropTest - Drag and Drop Test Started
2026-06-10 00:51:35 INFO  DragDropTest - Drag and Drop Test Passed
2026-06-10 00:51:35 INFO  DragDropTest - Drop Result: Dropped!
2026-06-10 00:51:44 INFO  SliderTest - Slider moved successfully
2026-06-10 00:51:52 INFO  SvgTest - Starting Svg Element Test
2026-06-10 00:51:53 INFO  SvgTest - Red Circle Displayed : true
2026-06-10 00:51:53 INFO  SvgTest - Green Rectangle Displayed : true
2026-06-10 00:51:53 INFO  SvgTest - Blue Triangle Displayed : true
2026-06-10 00:51:53 INFO  SvgTest - Svg Element Test Completed
2026-06-10 00:52:00 INFO  DropDownTest - Scrolling Dropdown Test Started
2026-06-10 00:52:01 INFO  DropDownTest - Selected Option: Item 59
2026-06-10 00:52:01 INFO  DropDownTest - Scrolling Dropdown Test Passed
2026-06-10 00:52:09 INFO  LabelLinkTest - Mobile Labels Test Started
2026-06-10 00:52:09 INFO  LabelLinkTest - Mobile Label : Samsung
2026-06-10 00:52:09 INFO  LabelLinkTest - Mobile Label : Real Me
2026-06-10 00:52:09 INFO  LabelLinkTest - Mobile Label : Moto
2026-06-10 00:52:09 INFO  LabelLinkTest - Mobile Labels Test Passed
2026-06-10 00:52:17 INFO  LabelLinkTest - Laptop Links Test Started
2026-06-10 00:52:17 INFO  LabelLinkTest - Laptop Link : Apple
2026-06-10 00:52:17 INFO  LabelLinkTest - Laptop Link : Lenovo
2026-06-10 00:52:17 INFO  LabelLinkTest - Laptop Link : Dell
2026-06-10 00:52:17 INFO  LabelLinkTest - Laptop Links Test Passed
2026-06-10 00:52:24 INFO  LabelLinkTest - Broken Links Test Started
2026-06-10 00:52:30 INFO  LabelLinkTest - Errorcode 400 -> 400
2026-06-10 00:52:30 INFO  LabelLinkTest - Errorcode 401 -> 401
2026-06-10 00:52:30 INFO  LabelLinkTest - Errorcode 403 -> 403
2026-06-10 00:52:30 INFO  LabelLinkTest - Errorcode 404 -> 404
2026-06-10 00:52:30 INFO  LabelLinkTest - Errorcode 408 -> 408
2026-06-10 00:52:30 INFO  LabelLinkTest - Errorcode 500 -> 500
2026-06-10 00:52:30 INFO  LabelLinkTest - Errorcode 502 -> 502
2026-06-10 00:52:30 INFO  LabelLinkTest - Errorcode 503 -> 503
2026-06-10 00:52:30 INFO  LabelLinkTest - Broken Links Test Passed
2026-06-10 00:52:37 INFO  ShadowDomTest - Shadow DOM Test Started
2026-06-10 00:52:37 INFO  ShadowDomTest - Mobile Label : Mobiles
2026-06-10 00:52:37 INFO  ShadowDomTest - Laptop Label : Laptops
2026-06-10 00:52:37 INFO  ShadowDomTest - Blog Link : Blog
2026-06-10 00:52:37 INFO  ShadowDomTest - Entered Text : Shadow DOM Testing
2026-06-10 00:52:37 INFO  ShadowDomTest - CheckBox Selected : true
2026-06-10 00:52:37 INFO  ShadowDomTest - Uploaded File : C:\fakepath\sample.txt
2026-06-10 00:52:37 INFO  ShadowDomTest - Youtube Link : Youtube
2026-06-10 00:52:37 INFO  ShadowDomTest - Shadow DOM Test Passed
2026-06-10 11:58:26 INFO  GUIFormTest - Form Test Started
2026-06-10 11:58:26 INFO  GUIFormTest - Entering Name
2026-06-10 11:58:26 INFO  GUIFormTest - Entering Email
2026-06-10 11:58:26 INFO  GUIFormTest - Entering Phone
2026-06-10 11:58:26 INFO  GUIFormTest - Entering Address
2026-06-10 11:58:26 INFO  GUIFormTest - Entering Gender
2026-06-10 11:58:27 INFO  GUIFormTest - Entering Days
2026-06-10 11:58:27 INFO  GUIFormTest - Entering Country
2026-06-10 11:58:27 INFO  GUIFormTest - Name Assertion Passed
2026-06-10 11:58:27 INFO  GUIFormTest - Email Assertion Passed
2026-06-10 11:58:27 INFO  GUIFormTest - Phone Assertion Passed
2026-06-10 11:58:27 INFO  GUIFormTest - Address Assertion Passed
2026-06-10 12:00:59 INFO  DownloadFilesTest - Download File Test Started
2026-06-10 12:01:01 INFO  DynamicButtonTest - Dynamic Button Test Started
2026-06-10 12:01:01 INFO  DynamicButtonTest - Clicking START Button
2026-06-10 12:01:01 INFO  DynamicButtonTest - STOP Button Displayed
2026-06-10 12:01:03 INFO  DynamicButtonTest - Clicking STOP Button
2026-06-10 12:01:04 INFO  GUIFormTest - Form Test Started
2026-06-10 12:01:04 INFO  GUIFormTest - Entering Name
2026-06-10 12:01:04 INFO  DynamicButtonTest - START Button Displayed Again
2026-06-10 12:01:04 INFO  DynamicButtonTest - Dynamic Button Test Passed
2026-06-10 12:01:04 INFO  GUIFormTest - Entering Email
2026-06-10 12:01:04 INFO  GUIFormTest - Entering Phone
2026-06-10 12:01:04 INFO  GUIFormTest - Entering Address
2026-06-10 12:01:05 INFO  GUIFormTest - Entering Gender
2026-06-10 12:01:05 INFO  DragDropTest - Drag and Drop Test Started
2026-06-10 12:01:05 INFO  GUIFormTest - Entering Days
2026-06-10 12:01:05 INFO  GUIFormTest - Entering Country
2026-06-10 12:01:05 INFO  DragDropTest - Drag and Drop Test Passed
2026-06-10 12:01:05 INFO  DragDropTest - Drop Result: Dropped!
2026-06-10 12:01:05 INFO  GUIFormTest - Name Assertion Passed
2026-06-10 12:01:05 INFO  GUIFormTest - Email Assertion Passed
2026-06-10 12:01:05 INFO  GUIFormTest - Phone Assertion Passed
2026-06-10 12:01:05 INFO  GUIFormTest - Address Assertion Passed
2026-06-10 12:01:05 INFO  GUIFormTest - Country Assertion Passed
2026-06-10 12:01:05 INFO  GUIFormTest - Form Test Completed
2026-06-10 12:01:06 INFO  SliderTest - Slider moved successfully
2026-06-10 12:01:13 INFO  DateTest - Date Picker 1 started
2026-06-10 12:01:15 INFO  DoubleClickTest - Double Click Test Started
2026-06-10 12:01:15 INFO  DoubleClickTest - Original Text : Hello World!
2026-06-10 12:01:15 INFO  DoubleClickTest - Copied Text   : Hello World!
2026-06-10 12:01:15 INFO  DoubleClickTest - Double Click Test Passed
2026-06-10 12:01:16 INFO  AlertTest - Simple Alert Test Started
2026-06-10 12:01:16 INFO  AlertTest - Simple Alert Accepted Successfully
2026-06-10 12:01:17 INFO  GUIFormTest - Form Test Started
2026-06-10 12:01:17 INFO  GUIFormTest - Entering Name
2026-06-10 12:01:17 INFO  GUIFormTest - Entering Email
2026-06-10 12:01:17 INFO  GUIFormTest - Entering Phone
2026-06-10 12:01:17 INFO  GUIFormTest - Entering Address
2026-06-10 12:01:17 INFO  GUIFormTest - Entering Gender
2026-06-10 12:01:17 INFO  GUIFormTest - Entering Days
2026-06-10 12:01:18 INFO  GUIFormTest - Entering Country
2026-06-10 12:01:18 INFO  GUIFormTest - Name Assertion Passed
2026-06-10 12:01:18 INFO  DateTest - Date Picker 1 Assertion Passed
2026-06-10 12:01:18 INFO  GUIFormTest - Email Assertion Passed
2026-06-10 12:01:18 INFO  GUIFormTest - Phone Assertion Passed
2026-06-10 12:01:18 INFO  GUIFormTest - Address Assertion Passed
2026-06-10 12:01:18 INFO  GUIFormTest - Country Assertion Passed
2026-06-10 12:01:18 INFO  GUIFormTest - Form Test Completed
2026-06-10 12:01:19 INFO  DownloadFilesTest - Current URL : https://testautomationpractice.blogspot.com/p/download-files_25.html
2026-06-10 12:01:20 INFO  DownloadFilesTest - Download Files Test Passed
2026-06-10 12:01:24 INFO  AlertTest - Confirm Alert Accept Test Started
2026-06-10 12:01:24 INFO  FormTest - Form Test Started
2026-06-10 12:01:24 INFO  AlertTest - Confirm Alert Result : You pressed OK!
2026-06-10 12:01:25 INFO  FormTest - Section 1 Assertion Passed
2026-06-10 12:01:25 INFO  FormTest - Section 2 Assertion Passed
2026-06-10 12:01:25 INFO  FormTest - Section 3 Assertion Passed
2026-06-10 12:01:25 INFO  FormTest - Form Test Completed
2026-06-10 12:01:27 INFO  SvgTest - Starting Svg Element Test
2026-06-10 12:01:28 INFO  SvgTest - Red Circle Displayed : true
2026-06-10 12:01:28 INFO  SvgTest - Green Rectangle Displayed : true
2026-06-10 12:01:28 INFO  SvgTest - Blue Triangle Displayed : true
2026-06-10 12:01:28 INFO  SvgTest - Svg Element Test Completed
2026-06-10 12:01:29 INFO  DateTest - Date Picker 2 started
2026-06-10 12:01:31 INFO  ListTest - Single Color Test
2026-06-10 12:01:32 INFO  DateTest - Date Picker 2 Assertion Passed
2026-06-10 12:01:34 INFO  ListTest - Single Animal Test
2026-06-10 12:01:34 INFO  AlertTest - Confirm Alert Dismiss Test Started
2026-06-10 12:01:35 INFO  AlertTest - Confirm Alert Result : You pressed Cancel!
2026-06-10 12:01:35 INFO  ListTest - Single color Assertion Passed
2026-06-10 12:01:35 INFO  ListTest - Single Animal Assertion Passed
2026-06-10 12:01:36 INFO  HiddenAjaxTest - Hidden Ajax Test Started
2026-06-10 12:01:40 INFO  TableTest - Book Detail Fetch Start
2026-06-10 12:01:41 INFO  ListTest - Multiple Color Test
2026-06-10 12:01:41 INFO  TableTest - Maximum Price Book Details:
 [Master In Selenium, Mukesh, Selenium, 3000]
2026-06-10 12:01:41 INFO  TableTest - Maximum Price Book Assertion Passed
2026-06-10 12:01:41 INFO  TableTest - Book Details Fetched Successfully
2026-06-10 12:01:41 INFO  DateTest - Date Picker 3 started
2026-06-10 12:01:42 INFO  DateTest - Date Range Result :
You selected a range of 15 days.
2026-06-10 12:01:42 INFO  DateTest - Date Picker 3 Assertion Passed
2026-06-10 12:01:45 INFO  HiddenAjaxTest - Ajax Status Assertion Passed
2026-06-10 12:01:45 INFO  HiddenAjaxTest - Hidden Ajax Test Completed
2026-06-10 12:01:46 INFO  AlertTest - Prompt Alert Accept Test Started
2026-06-10 12:01:46 INFO  AlertTest - Prompt Alert Result : Hello David! How are you today?
2026-06-10 12:01:48 INFO  ListTest - Multiple Animal Test
2026-06-10 12:01:50 INFO  ListTest - Multiple color Assertion Passed
2026-06-10 12:01:51 INFO  LabelLinkTest - Mobile Labels Test Started
2026-06-10 12:01:51 INFO  ListTest - Multiple Animal Assertion Passed
2026-06-10 12:01:52 INFO  TableTest - Verifying Dynamic Table Details
2026-06-10 12:01:52 INFO  TableTest - CPU load of Chrome process: 3.6%
2026-06-10 12:01:52 INFO  TableTest - Memory Size of Firefox process: 38.4 MB
2026-06-10 12:01:52 INFO  TableTest - Network speed of Chrome process: 5.5 Mbps
2026-06-10 12:01:52 INFO  TableTest - Disk space of Firefox process: 0.25 MB/s
2026-06-10 12:01:52 INFO  TableTest - Dynamic Table Assertion Passed
2026-06-10 12:01:52 INFO  TableTest - Dynamic Table Details Fetched
2026-06-10 12:01:52 INFO  LabelLinkTest - Mobile Label : Samsung
2026-06-10 12:01:52 INFO  LabelLinkTest - Mobile Label : Real Me
2026-06-10 12:01:52 INFO  LabelLinkTest - Mobile Label : Moto
2026-06-10 12:01:52 INFO  LabelLinkTest - Mobile Labels Test Passed
2026-06-10 12:01:54 INFO  MouseHoverTest - Mouse Hover Test 1
2026-06-10 12:01:55 INFO  AlertTest - Prompt Alert Dismiss Test Started
2026-06-10 12:01:55 INFO  AlertTest - Prompt Alert Result : User cancelled the prompt.
2026-06-10 12:01:56 INFO  MouseHoverTest - Mouse Hover and Mobiles Click Successful
2026-06-10 12:02:02 INFO  LabelLinkTest - Laptop Links Test Started
2026-06-10 12:02:02 INFO  DropDownTest - Scrolling Dropdown Test Started
2026-06-10 12:02:02 INFO  TableTest - Verifying Pagination Table Details
2026-06-10 12:02:03 INFO  LabelLinkTest - Laptop Link : Apple
2026-06-10 12:02:03 INFO  LabelLinkTest - Laptop Link : Lenovo
2026-06-10 12:02:03 INFO  LabelLinkTest - Laptop Link : Dell
2026-06-10 12:02:03 INFO  LabelLinkTest - Laptop Links Test Passed
2026-06-10 12:02:04 INFO  TableTest - Selected Row Details: [8, Action Camera, $15.99, ]
2026-06-10 12:02:04 INFO  TableTest - Pagination Table Assertion Passed
2026-06-10 12:02:04 INFO  TableTest - Pagination Table Details Fetched
2026-06-10 12:02:04 INFO  DropDownTest - Selected Option: Item 59
2026-06-10 12:02:04 INFO  DropDownTest - Scrolling Dropdown Test Passed
2026-06-10 12:02:05 INFO  ShadowDomTest - Shadow DOM Test Started
2026-06-10 12:02:05 INFO  ShadowDomTest - Mobile Label : Mobiles
2026-06-10 12:02:06 INFO  ShadowDomTest - Laptop Label : Laptops
2026-06-10 12:02:06 INFO  ShadowDomTest - Blog Link : Blog
2026-06-10 12:02:06 INFO  ShadowDomTest - Entered Text : Shadow DOM Testing
2026-06-10 12:02:06 INFO  ShadowDomTest - CheckBox Selected : true
2026-06-10 12:02:06 INFO  ShadowDomTest - Uploaded File : C:\fakepath\sample.txt
2026-06-10 12:02:06 INFO  ShadowDomTest - Youtube Link : Youtube
2026-06-10 12:02:06 INFO  ShadowDomTest - Shadow DOM Test Passed
2026-06-10 12:02:07 INFO  MouseHoverTest - Mouse Hover Test 2
2026-06-10 12:02:10 INFO  MouseHoverTest - Mouse Hover and Laptops Click Successful
2026-06-10 12:02:12 INFO  LabelLinkTest - Broken Links Test Started
2026-06-10 12:02:13 INFO  UploadTest - Single File Upload Started
2026-06-10 12:02:13 INFO  UploadTest - Upload Message : Single file selected: sample.txt, Size: 21 bytes, Type: text/plain
2026-06-10 12:02:13 INFO  UploadTest - Single File Upload Assertion Passed
2026-06-10 12:02:15 INFO  TabTest - Wiki Pedia Search Test
2026-06-10 12:02:19 INFO  TabTest - Total Result Found: 5
2026-06-10 12:02:21 INFO  UploadTest - Multiple File Upload Started
2026-06-10 12:02:21 INFO  UploadTest - Upload Message : Multiple files selected:
demo.txt, Size: 19 bytes, Type: text/plain
sample.txt, Size: 21 bytes, Type: text/plain
2026-06-10 12:02:21 INFO  UploadTest - Multiple File Upload Assertion 1 Passed
2026-06-10 12:02:21 INFO  UploadTest - Multiple File Upload Assertion 2 Passed
2026-06-10 12:02:21 INFO  UploadTest - Multiple File Upload Completed
2026-06-10 12:02:22 INFO  LabelLinkTest - Errorcode 400 -> 400
2026-06-10 12:02:22 INFO  LabelLinkTest - Errorcode 401 -> 401
2026-06-10 12:02:22 INFO  LabelLinkTest - Errorcode 403 -> 403
2026-06-10 12:02:22 INFO  LabelLinkTest - Errorcode 404 -> 404
2026-06-10 12:02:22 INFO  LabelLinkTest - Errorcode 408 -> 408
2026-06-10 12:02:22 INFO  LabelLinkTest - Errorcode 500 -> 500
2026-06-10 12:02:22 INFO  LabelLinkTest - Errorcode 502 -> 502
2026-06-10 12:02:22 INFO  LabelLinkTest - Errorcode 503 -> 503
2026-06-10 12:02:22 INFO  LabelLinkTest - Broken Links Test Passed
2026-06-10 12:06:33 INFO  DynamicButtonTest - Dynamic Button Test Started
2026-06-10 12:06:33 INFO  DynamicButtonTest - Clicking START Button
2026-06-10 12:06:33 INFO  AlertTest - Simple Alert Test Started
2026-06-10 12:06:36 INFO  AlertTest - Simple Alert Accepted Successfully
2026-06-10 12:06:38 INFO  FormTest - Form Test Started
2026-06-10 12:06:38 INFO  DynamicButtonTest - STOP Button Displayed
2026-06-10 12:06:40 INFO  DynamicButtonTest - Clicking STOP Button
2026-06-10 12:06:41 INFO  DynamicButtonTest - START Button Displayed Again
2026-06-10 12:06:41 INFO  DynamicButtonTest - Dynamic Button Test Passed
2026-06-10 12:06:41 INFO  FormTest - Section 1 Assertion Passed
2026-06-10 12:06:41 INFO  FormTest - Section 2 Assertion Passed
2026-06-10 12:06:41 INFO  FormTest - Section 3 Assertion Passed
2026-06-10 12:06:41 INFO  FormTest - Form Test Completed
2026-06-10 12:06:42 INFO  DownloadFilesTest - Download File Test Started
2026-06-10 12:06:42 INFO  DragDropTest - Drag and Drop Test Started
2026-06-10 12:06:43 INFO  DragDropTest - Drag and Drop Test Passed
2026-06-10 12:06:43 INFO  DragDropTest - Drop Result: Dropped!
2026-06-10 12:06:43 INFO  SliderTest - Slider moved successfully
2026-06-10 12:06:43 INFO  DateTest - Date Picker 1 started
2026-06-10 12:06:45 INFO  DoubleClickTest - Double Click Test Started
2026-06-10 12:06:45 INFO  GUIFormTest - Form Test Started
2026-06-10 12:06:45 INFO  GUIFormTest - Entering Name
2026-06-10 12:06:46 INFO  GUIFormTest - Entering Email
2026-06-10 12:06:46 INFO  GUIFormTest - Entering Phone
2026-06-10 12:06:46 INFO  DoubleClickTest - Original Text : Hello World!
2026-06-10 12:06:46 INFO  DoubleClickTest - Copied Text   : Hello World!
2026-06-10 12:06:46 INFO  DoubleClickTest - Double Click Test Passed
2026-06-10 12:06:46 INFO  GUIFormTest - Entering Address
2026-06-10 12:06:46 INFO  GUIFormTest - Entering Gender
2026-06-10 12:06:46 INFO  GUIFormTest - Entering Days
2026-06-10 12:06:46 INFO  GUIFormTest - Entering Country
2026-06-10 12:06:47 INFO  GUIFormTest - Name Assertion Passed
2026-06-10 12:06:47 INFO  GUIFormTest - Email Assertion Passed
2026-06-10 12:06:47 INFO  GUIFormTest - Phone Assertion Passed
2026-06-10 12:06:47 INFO  GUIFormTest - Address Assertion Passed
2026-06-10 12:06:47 INFO  GUIFormTest - Country Assertion Passed
2026-06-10 12:06:47 INFO  GUIFormTest - Form Test Completed
2026-06-10 12:06:53 INFO  DateTest - Date Picker 1 Assertion Passed
2026-06-10 12:06:54 INFO  ListTest - Single Color Test
2026-06-10 12:06:54 INFO  HiddenAjaxTest - Hidden Ajax Test Started
2026-06-10 12:06:57 INFO  SvgTest - Starting Svg Element Test
2026-06-10 12:06:59 INFO  AlertTest - Confirm Alert Accept Test Started
2026-06-10 12:06:59 INFO  LabelLinkTest - Mobile Labels Test Started
2026-06-10 12:06:59 INFO  DownloadFilesTest - Current URL : https://testautomationpractice.blogspot.com/p/download-files_25.html
2026-06-10 12:06:59 INFO  SvgTest - Red Circle Displayed : true
2026-06-10 12:06:59 INFO  SvgTest - Green Rectangle Displayed : true
2026-06-10 12:06:59 INFO  SvgTest - Blue Triangle Displayed : true
2026-06-10 12:06:59 INFO  SvgTest - Svg Element Test Completed
2026-06-10 12:06:59 INFO  DownloadFilesTest - Download Files Test Passed
2026-06-10 12:07:00 INFO  AlertTest - Confirm Alert Result : You pressed OK!
2026-06-10 12:07:03 INFO  LabelLinkTest - Mobile Label : Samsung
2026-06-10 12:07:03 INFO  LabelLinkTest - Mobile Label : Real Me
2026-06-10 12:07:03 INFO  LabelLinkTest - Mobile Label : Moto
2026-06-10 12:07:03 INFO  LabelLinkTest - Mobile Labels Test Passed
2026-06-10 12:07:03 INFO  ListTest - Single Animal Test
2026-06-10 12:07:04 INFO  ListTest - Single color Assertion Passed
2026-06-10 12:07:04 INFO  ListTest - Single Animal Assertion Passed
2026-06-10 12:07:05 INFO  HiddenAjaxTest - Ajax Status Assertion Passed
2026-06-10 12:07:05 INFO  HiddenAjaxTest - Hidden Ajax Test Completed
2026-06-10 12:07:06 INFO  TableTest - Book Detail Fetch Start
2026-06-10 12:07:06 INFO  TableTest - Maximum Price Book Details:
 [Master In Selenium, Mukesh, Selenium, 3000]
2026-06-10 12:07:06 INFO  TableTest - Maximum Price Book Assertion Passed
2026-06-10 12:07:06 INFO  TableTest - Book Details Fetched Successfully
2026-06-10 12:07:09 INFO  MouseHoverTest - Mouse Hover Test 1
2026-06-10 12:07:11 INFO  GUIFormTest - Form Test Started
2026-06-10 12:07:11 INFO  GUIFormTest - Entering Name
2026-06-10 12:07:12 INFO  GUIFormTest - Entering Email
2026-06-10 12:07:13 INFO  DateTest - Date Picker 2 started
2026-06-10 12:07:13 INFO  GUIFormTest - Entering Phone
2026-06-10 12:07:13 INFO  MouseHoverTest - Mouse Hover and Mobiles Click Successful
2026-06-10 12:07:13 INFO  GUIFormTest - Entering Address
2026-06-10 12:07:13 INFO  GUIFormTest - Entering Gender
2026-06-10 12:07:14 INFO  GUIFormTest - Entering Days
2026-06-10 12:07:14 INFO  GUIFormTest - Entering Country
2026-06-10 12:07:14 INFO  DropDownTest - Scrolling Dropdown Test Started
2026-06-10 12:07:15 INFO  GUIFormTest - Name Assertion Passed
2026-06-10 12:07:15 INFO  GUIFormTest - Email Assertion Passed
2026-06-10 12:07:15 INFO  GUIFormTest - Phone Assertion Passed
2026-06-10 12:07:15 INFO  GUIFormTest - Address Assertion Passed
2026-06-10 12:07:15 INFO  DateTest - Date Picker 2 Assertion Passed
2026-06-10 12:07:15 INFO  GUIFormTest - Country Assertion Passed
2026-06-10 12:07:15 INFO  GUIFormTest - Form Test Completed
2026-06-10 12:07:18 INFO  DropDownTest - Selected Option: Item 59
2026-06-10 12:07:18 INFO  DropDownTest - Scrolling Dropdown Test Passed
2026-06-10 12:07:19 INFO  AlertTest - Confirm Alert Dismiss Test Started
2026-06-10 12:07:20 INFO  AlertTest - Confirm Alert Result : You pressed Cancel!
2026-06-10 12:07:21 INFO  ShadowDomTest - Shadow DOM Test Started
2026-06-10 12:07:22 INFO  ListTest - Multiple Color Test
2026-06-10 12:07:22 INFO  LabelLinkTest - Laptop Links Test Started
2026-06-10 12:07:26 INFO  ShadowDomTest - Mobile Label : Mobiles
2026-06-10 12:07:27 INFO  LabelLinkTest - Laptop Link : Apple
2026-06-10 12:07:27 INFO  LabelLinkTest - Laptop Link : Lenovo
2026-06-10 12:07:27 INFO  LabelLinkTest - Laptop Link : Dell
2026-06-10 12:07:27 INFO  ShadowDomTest - Laptop Label : Laptops
2026-06-10 12:07:27 INFO  LabelLinkTest - Laptop Links Test Passed
2026-06-10 12:07:27 INFO  ShadowDomTest - Blog Link : Blog
2026-06-10 12:07:27 INFO  ShadowDomTest - Entered Text : Shadow DOM Testing
2026-06-10 12:07:27 INFO  ShadowDomTest - CheckBox Selected : true
2026-06-10 12:07:28 INFO  ShadowDomTest - Uploaded File : C:\fakepath\sample.txt
2026-06-10 12:07:29 INFO  ShadowDomTest - Youtube Link : Youtube
2026-06-10 12:07:29 INFO  ShadowDomTest - Shadow DOM Test Passed
2026-06-10 12:07:29 INFO  MouseHoverTest - Mouse Hover Test 2
2026-06-10 12:07:30 INFO  TableTest - Verifying Dynamic Table Details
2026-06-10 12:07:30 INFO  TableTest - CPU load of Chrome process: 5.5%
2026-06-10 12:07:30 INFO  TableTest - Memory Size of Firefox process: 39.6 MB
2026-06-10 12:07:30 INFO  TableTest - Network speed of Chrome process: 7.5 Mbps
2026-06-10 12:07:30 INFO  TableTest - Disk space of Firefox process: 0.87 MB/s
2026-06-10 12:07:30 INFO  TableTest - Dynamic Table Assertion Passed
2026-06-10 12:07:30 INFO  TableTest - Dynamic Table Details Fetched
2026-06-10 12:07:31 INFO  ListTest - Multiple Animal Test
2026-06-10 12:07:32 INFO  MouseHoverTest - Mouse Hover and Laptops Click Successful
2026-06-10 12:07:33 INFO  ListTest - Multiple color Assertion Passed
2026-06-10 12:07:33 INFO  ListTest - Multiple Animal Assertion Passed
2026-06-10 12:07:41 INFO  UploadTest - Single File Upload Started
2026-06-10 12:07:41 INFO  DateTest - Date Picker 3 started
2026-06-10 12:07:42 INFO  AlertTest - Prompt Alert Accept Test Started
2026-06-10 12:07:43 INFO  UploadTest - Upload Message : Single file selected: sample.txt, Size: 21 bytes, Type: text/plain
2026-06-10 12:07:43 INFO  UploadTest - Single File Upload Assertion Passed
2026-06-10 12:07:44 INFO  DateTest - Date Range Result :
You selected a range of 15 days.
2026-06-10 12:07:44 INFO  DateTest - Date Picker 3 Assertion Passed
2026-06-10 12:07:46 INFO  AlertTest - Prompt Alert Result : Hello David! How are you today?
2026-06-10 12:07:47 INFO  LabelLinkTest - Broken Links Test Started
2026-06-10 12:07:48 INFO  TableTest - Verifying Pagination Table Details
2026-06-10 12:07:49 INFO  TableTest - Selected Row Details: [8, Action Camera, $15.99, ]
2026-06-10 12:07:49 INFO  TableTest - Pagination Table Assertion Passed
2026-06-10 12:07:49 INFO  TableTest - Pagination Table Details Fetched
2026-06-10 12:07:50 INFO  TabTest - Wiki Pedia Search Test
2026-06-10 12:07:52 INFO  UploadTest - Multiple File Upload Started
2026-06-10 12:07:55 INFO  TabTest - Total Result Found: 5
2026-06-10 12:07:55 INFO  LabelLinkTest - Errorcode 400 -> 400
2026-06-10 12:07:55 INFO  LabelLinkTest - Errorcode 401 -> 401
2026-06-10 12:07:55 INFO  LabelLinkTest - Errorcode 403 -> 403
2026-06-10 12:07:55 INFO  LabelLinkTest - Errorcode 404 -> 404
2026-06-10 12:07:55 INFO  LabelLinkTest - Errorcode 408 -> 408
2026-06-10 12:07:55 INFO  LabelLinkTest - Errorcode 500 -> 500
2026-06-10 12:07:55 INFO  LabelLinkTest - Errorcode 502 -> 502
2026-06-10 12:07:55 INFO  LabelLinkTest - Errorcode 503 -> 503
2026-06-10 12:07:55 INFO  LabelLinkTest - Broken Links Test Passed
2026-06-10 12:07:55 INFO  AlertTest - Prompt Alert Dismiss Test Started
2026-06-10 12:07:55 INFO  AlertTest - Prompt Alert Result : User cancelled the prompt.
2026-06-10 12:07:56 INFO  UploadTest - Upload Message : Multiple files selected:
demo.txt, Size: 19 bytes, Type: text/plain
sample.txt, Size: 21 bytes, Type: text/plain
2026-06-10 12:07:56 INFO  UploadTest - Multiple File Upload Assertion 1 Passed
2026-06-10 12:07:56 INFO  UploadTest - Multiple File Upload Assertion 2 Passed
2026-06-10 12:07:56 INFO  UploadTest - Multiple File Upload Completed
2026-06-10 12:11:48 INFO  DragDropTest - Drag and Drop Test Started
2026-06-10 12:11:48 INFO  DynamicButtonTest - Dynamic Button Test Started
2026-06-10 12:11:48 INFO  DownloadFilesTest - Download File Test Started
2026-06-10 12:11:49 INFO  DynamicButtonTest - Clicking START Button
2026-06-10 12:11:52 INFO  GUIFormTest - Form Test Started
2026-06-10 12:11:52 INFO  GUIFormTest - Entering Name
2026-06-10 12:11:52 INFO  GUIFormTest - Entering Email
2026-06-10 12:11:52 INFO  GUIFormTest - Entering Phone
2026-06-10 12:11:52 INFO  GUIFormTest - Entering Address
2026-06-10 12:11:53 INFO  GUIFormTest - Entering Gender
2026-06-10 12:11:53 INFO  GUIFormTest - Entering Days
2026-06-10 12:11:54 INFO  DynamicButtonTest - STOP Button Displayed
2026-06-10 12:11:55 INFO  DragDropTest - Drag and Drop Test Passed
2026-06-10 12:11:55 INFO  GUIFormTest - Entering Country
2026-06-10 12:11:55 INFO  DragDropTest - Drop Result: Dropped!
2026-06-10 12:11:55 INFO  GUIFormTest - Name Assertion Passed
2026-06-10 12:11:55 INFO  GUIFormTest - Email Assertion Passed
2026-06-10 12:11:55 INFO  GUIFormTest - Phone Assertion Passed
2026-06-10 12:11:55 INFO  GUIFormTest - Address Assertion Passed
2026-06-10 12:11:55 INFO  GUIFormTest - Country Assertion Passed
2026-06-10 12:11:55 INFO  GUIFormTest - Form Test Completed
2026-06-10 12:11:56 INFO  DynamicButtonTest - Clicking STOP Button
2026-06-10 12:11:56 INFO  DynamicButtonTest - START Button Displayed Again
2026-06-10 12:11:56 INFO  DynamicButtonTest - Dynamic Button Test Passed
2026-06-10 12:11:57 INFO  SliderTest - Slider moved successfully
2026-06-10 12:12:04 INFO  GUIFormTest - Form Test Started
2026-06-10 12:12:05 INFO  GUIFormTest - Entering Name
2026-06-10 12:12:05 INFO  AlertTest - Simple Alert Test Started
2026-06-10 12:12:05 INFO  DateTest - Date Picker 1 started
2026-06-10 12:12:05 INFO  GUIFormTest - Entering Email
2026-06-10 12:12:06 INFO  GUIFormTest - Entering Phone
2026-06-10 12:12:07 INFO  GUIFormTest - Entering Address
2026-06-10 12:12:07 INFO  GUIFormTest - Entering Gender
2026-06-10 12:12:07 INFO  GUIFormTest - Entering Days
2026-06-10 12:12:08 INFO  GUIFormTest - Entering Country
2026-06-10 12:12:08 INFO  GUIFormTest - Name Assertion Passed
2026-06-10 12:12:08 INFO  GUIFormTest - Email Assertion Passed
2026-06-10 12:12:08 INFO  GUIFormTest - Phone Assertion Passed
2026-06-10 12:12:08 INFO  GUIFormTest - Address Assertion Passed
2026-06-10 12:12:09 INFO  AlertTest - Simple Alert Accepted Successfully
2026-06-10 12:12:09 INFO  DoubleClickTest - Double Click Test Started
2026-06-10 12:12:09 INFO  GUIFormTest - Country Assertion Passed
2026-06-10 12:12:09 INFO  GUIFormTest - Form Test Completed
2026-06-10 12:12:09 INFO  DoubleClickTest - Original Text : Hello World!
2026-06-10 12:12:09 INFO  DoubleClickTest - Copied Text   : Hello World!
2026-06-10 12:12:09 INFO  DoubleClickTest - Double Click Test Passed
2026-06-10 12:12:10 INFO  DownloadFilesTest - Current URL : https://testautomationpractice.blogspot.com/p/download-files_25.html
2026-06-10 12:12:10 INFO  DownloadFilesTest - Download Files Test Passed
2026-06-10 12:12:15 INFO  DateTest - Date Picker 1 Assertion Passed
2026-06-10 12:12:17 INFO  AlertTest - Confirm Alert Accept Test Started
2026-06-10 12:12:18 INFO  AlertTest - Confirm Alert Result : You pressed OK!
2026-06-10 12:12:19 INFO  FormTest - Form Test Started
2026-06-10 12:12:20 INFO  FormTest - Section 1 Assertion Passed
2026-06-10 12:12:20 INFO  FormTest - Section 2 Assertion Passed
2026-06-10 12:12:20 INFO  FormTest - Section 3 Assertion Passed
2026-06-10 12:12:20 INFO  FormTest - Form Test Completed
2026-06-10 12:12:21 INFO  SvgTest - Starting Svg Element Test
2026-06-10 12:12:23 INFO  SvgTest - Red Circle Displayed : true
2026-06-10 12:12:23 INFO  SvgTest - Green Rectangle Displayed : true
2026-06-10 12:12:23 INFO  SvgTest - Blue Triangle Displayed : true
2026-06-10 12:12:23 INFO  SvgTest - Svg Element Test Completed
2026-06-10 12:12:26 INFO  ListTest - Single Color Test
2026-06-10 12:12:26 INFO  DateTest - Date Picker 2 started
2026-06-10 12:12:29 INFO  DateTest - Date Picker 2 Assertion Passed
2026-06-10 12:12:29 INFO  ListTest - Single Animal Test
2026-06-10 12:12:29 INFO  AlertTest - Confirm Alert Dismiss Test Started
2026-06-10 12:12:30 INFO  ListTest - Single color Assertion Passed
2026-06-10 12:12:30 INFO  AlertTest - Confirm Alert Result : You pressed Cancel!
2026-06-10 12:12:31 INFO  ListTest - Single Animal Assertion Passed
2026-06-10 12:12:36 INFO  HiddenAjaxTest - Hidden Ajax Test Started
2026-06-10 12:12:37 INFO  DateTest - Date Picker 3 started
2026-06-10 12:12:40 INFO  TableTest - Book Detail Fetch Start
2026-06-10 12:12:41 INFO  TableTest - Maximum Price Book Details:
 [Master In Selenium, Mukesh, Selenium, 3000]
2026-06-10 12:12:41 INFO  TableTest - Maximum Price Book Assertion Passed
2026-06-10 12:12:41 INFO  TableTest - Book Details Fetched Successfully
2026-06-10 12:12:41 INFO  AlertTest - Prompt Alert Accept Test Started
2026-06-10 12:12:43 INFO  ListTest - Multiple Color Test
2026-06-10 12:12:43 INFO  AlertTest - Prompt Alert Result : Hello David! How are you today?
2026-06-10 12:12:43 INFO  DateTest - Date Range Result :
You selected a range of 15 days.
2026-06-10 12:12:43 INFO  DateTest - Date Picker 3 Assertion Passed
2026-06-10 12:12:46 INFO  ListTest - Multiple Animal Test
2026-06-10 12:12:47 INFO  HiddenAjaxTest - Ajax Status Assertion Passed
2026-06-10 12:12:47 INFO  HiddenAjaxTest - Hidden Ajax Test Completed
2026-06-10 12:12:47 INFO  ListTest - Multiple color Assertion Passed
2026-06-10 12:12:48 INFO  AlertTest - Prompt Alert Dismiss Test Started
2026-06-10 12:12:49 INFO  ListTest - Multiple Animal Assertion Passed
2026-06-10 12:12:52 INFO  TableTest - Verifying Dynamic Table Details
2026-06-10 12:12:52 INFO  TableTest - CPU load of Chrome process: 4.9%
2026-06-10 12:12:52 INFO  TableTest - Memory Size of Firefox process: 83.9 MB
2026-06-10 12:12:52 INFO  TableTest - Network speed of Chrome process: 6.6 Mbps
2026-06-10 12:12:52 INFO  TableTest - Disk space of Firefox process: 0.99 MB/s
2026-06-10 12:12:52 INFO  TableTest - Dynamic Table Assertion Passed
2026-06-10 12:12:52 INFO  TableTest - Dynamic Table Details Fetched
2026-06-10 12:12:52 INFO  AlertTest - Prompt Alert Result : User cancelled the prompt.
2026-06-10 12:12:56 INFO  DropDownTest - Scrolling Dropdown Test Started
2026-06-10 12:12:57 INFO  MouseHoverTest - Mouse Hover Test 1
2026-06-10 12:12:57 INFO  LabelLinkTest - Mobile Labels Test Started
2026-06-10 12:12:58 INFO  LabelLinkTest - Mobile Label : Samsung
2026-06-10 12:12:58 INFO  LabelLinkTest - Mobile Label : Real Me
2026-06-10 12:12:58 INFO  LabelLinkTest - Mobile Label : Moto
2026-06-10 12:12:58 INFO  LabelLinkTest - Mobile Labels Test Passed
2026-06-10 12:12:59 INFO  MouseHoverTest - Mouse Hover and Mobiles Click Successful
2026-06-10 12:13:02 INFO  TableTest - Verifying Pagination Table Details
2026-06-10 12:13:03 INFO  ShadowDomTest - Shadow DOM Test Started
2026-06-10 12:13:04 INFO  ShadowDomTest - Mobile Label : Mobiles
2026-06-10 12:13:04 INFO  DropDownTest - Selected Option: Item 59
2026-06-10 12:13:04 INFO  DropDownTest - Scrolling Dropdown Test Passed
2026-06-10 12:13:04 INFO  ShadowDomTest - Laptop Label : Laptops
2026-06-10 12:13:04 INFO  ShadowDomTest - Blog Link : Blog
2026-06-10 12:13:05 INFO  ShadowDomTest - Entered Text : Shadow DOM Testing
2026-06-10 12:13:05 INFO  ShadowDomTest - CheckBox Selected : true
2026-06-10 12:13:05 INFO  ShadowDomTest - Uploaded File : C:\fakepath\sample.txt
2026-06-10 12:13:05 INFO  TableTest - Selected Row Details: [8, Action Camera, $15.99, ]
2026-06-10 12:13:05 INFO  TableTest - Pagination Table Assertion Passed
2026-06-10 12:13:05 INFO  TableTest - Pagination Table Details Fetched
2026-06-10 12:13:05 INFO  ShadowDomTest - Youtube Link : Youtube
2026-06-10 12:13:05 INFO  ShadowDomTest - Shadow DOM Test Passed
2026-06-10 12:13:07 INFO  MouseHoverTest - Mouse Hover Test 2
2026-06-10 12:13:09 INFO  LabelLinkTest - Laptop Links Test Started
2026-06-10 12:13:09 INFO  LabelLinkTest - Laptop Link : Apple
2026-06-10 12:13:09 INFO  LabelLinkTest - Laptop Link : Lenovo
2026-06-10 12:13:09 INFO  LabelLinkTest - Laptop Link : Dell
2026-06-10 12:13:09 INFO  LabelLinkTest - Laptop Links Test Passed
2026-06-10 12:13:10 INFO  MouseHoverTest - Mouse Hover and Laptops Click Successful
2026-06-10 12:13:12 INFO  UploadTest - Single File Upload Started
2026-06-10 12:13:13 INFO  UploadTest - Upload Message : Single file selected: sample.txt, Size: 21 bytes, Type: text/plain
2026-06-10 12:13:13 INFO  UploadTest - Single File Upload Assertion Passed
2026-06-10 12:13:15 INFO  TabTest - Wiki Pedia Search Test
2026-06-10 12:13:16 INFO  LabelLinkTest - Broken Links Test Started
2026-06-10 12:13:19 INFO  TabTest - Total Result Found: 5
2026-06-10 12:13:20 INFO  UploadTest - Multiple File Upload Started
2026-06-10 12:13:20 INFO  UploadTest - Upload Message : Multiple files selected:
demo.txt, Size: 19 bytes, Type: text/plain
sample.txt, Size: 21 bytes, Type: text/plain
2026-06-10 12:13:20 INFO  UploadTest - Multiple File Upload Assertion 1 Passed
2026-06-10 12:13:20 INFO  UploadTest - Multiple File Upload Assertion 2 Passed
2026-06-10 12:13:20 INFO  UploadTest - Multiple File Upload Completed
2026-06-10 12:13:23 INFO  LabelLinkTest - Errorcode 400 -> 400
2026-06-10 12:13:23 INFO  LabelLinkTest - Errorcode 401 -> 401
2026-06-10 12:13:23 INFO  LabelLinkTest - Errorcode 403 -> 403
2026-06-10 12:13:23 INFO  LabelLinkTest - Errorcode 404 -> 404
2026-06-10 12:13:23 INFO  LabelLinkTest - Errorcode 408 -> 408
2026-06-10 12:13:23 INFO  LabelLinkTest - Errorcode 500 -> 500
2026-06-10 12:13:23 INFO  LabelLinkTest - Errorcode 502 -> 502
2026-06-10 12:13:23 INFO  LabelLinkTest - Errorcode 503 -> 503
2026-06-10 12:13:23 INFO  LabelLinkTest - Broken Links Test Passed
2026-06-10 14:31:57 INFO  AlertTest - Simple Alert Test Started
2026-06-10 14:31:57 INFO  AlertTest - Simple Alert Accepted Successfully
2026-06-10 14:32:05 INFO  AlertTest - Confirm Alert Accept Test Started
2026-06-10 14:32:06 INFO  AlertTest - Confirm Alert Result : You pressed OK!
2026-06-10 14:32:11 INFO  DownloadFilesTest - Download File Test Started
2026-06-10 14:32:12 INFO  DoubleClickTest - Double Click Test Started
2026-06-10 14:32:12 INFO  DragDropTest - Drag and Drop Test Started
2026-06-10 14:32:12 INFO  AlertTest - Confirm Alert Dismiss Test Started
2026-06-10 14:32:12 INFO  DateTest - Date Picker 1 started
2026-06-10 14:32:13 INFO  DoubleClickTest - Original Text : Hello World!
2026-06-10 14:32:13 INFO  DoubleClickTest - Copied Text   : Hello World!
2026-06-10 14:32:13 INFO  DoubleClickTest - Double Click Test Passed
2026-06-10 14:32:13 INFO  DragDropTest - Drag and Drop Test Passed
2026-06-10 14:32:13 INFO  DragDropTest - Drop Result: Dropped!
2026-06-10 14:32:16 INFO  AlertTest - Confirm Alert Result : You pressed Cancel!
2026-06-10 14:32:22 INFO  DateTest - Date Picker 1 Assertion Passed
2026-06-10 14:32:24 INFO  SvgTest - Starting Svg Element Test
2026-06-10 14:32:24 INFO  FormTest - Form Test Started
2026-06-10 14:32:25 INFO  DownloadFilesTest - Current URL : https://testautomationpractice.blogspot.com/p/download-files_25.html
2026-06-10 14:32:25 INFO  DownloadFilesTest - Download Files Test Passed
2026-06-10 14:32:26 INFO  SvgTest - Red Circle Displayed : true
2026-06-10 14:32:26 INFO  SvgTest - Green Rectangle Displayed : true
2026-06-10 14:32:26 INFO  SvgTest - Blue Triangle Displayed : true
2026-06-10 14:32:26 INFO  SvgTest - Svg Element Test Completed
2026-06-10 14:32:27 INFO  FormTest - Section 1 Assertion Passed
2026-06-10 14:32:27 INFO  FormTest - Section 2 Assertion Passed
2026-06-10 14:32:27 INFO  FormTest - Section 3 Assertion Passed
2026-06-10 14:32:27 INFO  FormTest - Form Test Completed
2026-06-10 14:32:28 INFO  AlertTest - Prompt Alert Accept Test Started
2026-06-10 14:32:29 INFO  AlertTest - Prompt Alert Result : Hello David! How are you today?
2026-06-10 14:32:32 INFO  DateTest - Date Picker 2 started
2026-06-10 14:32:33 INFO  DynamicButtonTest - Dynamic Button Test Started
2026-06-10 14:32:33 INFO  DynamicButtonTest - Clicking START Button
2026-06-10 14:32:34 INFO  DateTest - Date Picker 2 Assertion Passed
2026-06-10 14:32:37 INFO  ListTest - Single Color Test
2026-06-10 14:32:37 INFO  AlertTest - Prompt Alert Dismiss Test Started
2026-06-10 14:32:38 INFO  DynamicButtonTest - STOP Button Displayed
2026-06-10 14:32:40 INFO  DynamicButtonTest - Clicking STOP Button
2026-06-10 14:32:40 INFO  ListTest - Single Animal Test
2026-06-10 14:32:40 INFO  DynamicButtonTest - START Button Displayed Again
2026-06-10 14:32:40 INFO  DynamicButtonTest - Dynamic Button Test Passed
2026-06-10 14:32:41 INFO  ListTest - Single color Assertion Passed
2026-06-10 14:32:41 INFO  ListTest - Single Animal Assertion Passed
2026-06-10 14:32:42 INFO  DateTest - Date Picker 3 started
2026-06-10 14:32:42 INFO  AlertTest - Prompt Alert Result : User cancelled the prompt.
2026-06-10 14:32:45 INFO  GUIFormTest - Form Test Started
2026-06-10 14:32:45 INFO  GUIFormTest - Entering Name
2026-06-10 14:32:45 INFO  GUIFormTest - Entering Email
2026-06-10 14:32:46 INFO  GUIFormTest - Entering Phone
2026-06-10 14:32:46 INFO  GUIFormTest - Entering Address
2026-06-10 14:32:46 INFO  GUIFormTest - Entering Gender
2026-06-10 14:32:46 INFO  GUIFormTest - Entering Days
2026-06-10 14:32:46 INFO  ListTest - Multiple Color Test
2026-06-10 14:32:47 INFO  HiddenAjaxTest - Hidden Ajax Test Started
2026-06-10 14:32:47 INFO  GUIFormTest - Entering Country
2026-06-10 14:32:48 INFO  GUIFormTest - Name Assertion Passed
2026-06-10 14:32:48 INFO  DateTest - Date Range Result :
You selected a range of 15 days.
2026-06-10 14:32:48 INFO  DateTest - Date Picker 3 Assertion Passed
2026-06-10 14:32:48 INFO  GUIFormTest - Email Assertion Passed
2026-06-10 14:32:48 INFO  GUIFormTest - Phone Assertion Passed
2026-06-10 14:32:48 INFO  GUIFormTest - Address Assertion Passed
2026-06-10 14:32:48 INFO  GUIFormTest - Country Assertion Passed
2026-06-10 14:32:48 INFO  GUIFormTest - Form Test Completed
2026-06-10 14:32:53 INFO  LabelLinkTest - Mobile Labels Test Started
2026-06-10 14:32:55 INFO  TableTest - Book Detail Fetch Start
2026-06-10 14:32:55 INFO  ListTest - Multiple Animal Test
2026-06-10 14:32:56 INFO  TableTest - Maximum Price Book Details:
 [Master In Selenium, Mukesh, Selenium, 3000]
2026-06-10 14:32:56 INFO  TableTest - Maximum Price Book Assertion Passed
2026-06-10 14:32:56 INFO  TableTest - Book Details Fetched Successfully
2026-06-10 14:32:57 INFO  LabelLinkTest - Mobile Label : Samsung
2026-06-10 14:32:57 INFO  LabelLinkTest - Mobile Label : Real Me
2026-06-10 14:32:57 INFO  LabelLinkTest - Mobile Label : Moto
2026-06-10 14:32:57 INFO  LabelLinkTest - Mobile Labels Test Passed
2026-06-10 14:32:57 INFO  HiddenAjaxTest - Ajax Status Assertion Passed
2026-06-10 14:32:57 INFO  HiddenAjaxTest - Hidden Ajax Test Completed
2026-06-10 14:32:57 INFO  ListTest - Multiple color Assertion Passed
2026-06-10 14:32:58 INFO  ListTest - Multiple Animal Assertion Passed
2026-06-10 14:33:06 INFO  LabelLinkTest - Laptop Links Test Started
2026-06-10 14:33:07 INFO  TableTest - Verifying Dynamic Table Details
2026-06-10 14:33:07 INFO  TableTest - CPU load of Chrome process: 0.3%
2026-06-10 14:33:07 INFO  TableTest - Memory Size of Firefox process: 50.3 MB
2026-06-10 14:33:07 INFO  TableTest - Network speed of Chrome process: 7.3 Mbps
2026-06-10 14:33:07 INFO  TableTest - Disk space of Firefox process: 0.20 MB/s
2026-06-10 14:33:07 INFO  TableTest - Dynamic Table Assertion Passed
2026-06-10 14:33:07 INFO  TableTest - Dynamic Table Details Fetched
2026-06-10 14:33:07 INFO  LabelLinkTest - Laptop Link : Apple
2026-06-10 14:33:07 INFO  LabelLinkTest - Laptop Link : Lenovo
2026-06-10 14:33:07 INFO  LabelLinkTest - Laptop Link : Dell
2026-06-10 14:33:07 INFO  LabelLinkTest - Laptop Links Test Passed
2026-06-10 14:33:09 INFO  GUIFormTest - Form Test Started
2026-06-10 14:33:09 INFO  GUIFormTest - Entering Name
2026-06-10 14:33:09 INFO  GUIFormTest - Entering Email
2026-06-10 14:33:09 INFO  GUIFormTest - Entering Phone
2026-06-10 14:33:10 INFO  GUIFormTest - Entering Address
2026-06-10 14:33:10 INFO  GUIFormTest - Entering Gender
2026-06-10 14:33:10 INFO  DropDownTest - Scrolling Dropdown Test Started
2026-06-10 14:33:10 INFO  GUIFormTest - Entering Days
2026-06-10 14:33:10 INFO  GUIFormTest - Entering Country
2026-06-10 14:33:11 INFO  GUIFormTest - Name Assertion Passed
2026-06-10 14:33:11 INFO  GUIFormTest - Email Assertion Passed
2026-06-10 14:33:11 INFO  GUIFormTest - Phone Assertion Passed
2026-06-10 14:33:11 INFO  GUIFormTest - Address Assertion Passed
2026-06-10 14:33:11 INFO  MouseHoverTest - Mouse Hover Test 1
2026-06-10 14:33:11 INFO  GUIFormTest - Country Assertion Passed
2026-06-10 14:33:11 INFO  GUIFormTest - Form Test Completed
2026-06-10 14:33:12 INFO  DropDownTest - Selected Option: Item 59
2026-06-10 14:33:12 INFO  DropDownTest - Scrolling Dropdown Test Passed
2026-06-10 14:33:14 INFO  MouseHoverTest - Mouse Hover and Mobiles Click Successful
2026-06-10 14:33:18 INFO  UploadTest - Single File Upload Started
2026-06-10 14:33:19 INFO  ShadowDomTest - Shadow DOM Test Started
2026-06-10 14:33:19 INFO  TableTest - Verifying Pagination Table Details
2026-06-10 14:33:19 INFO  LabelLinkTest - Broken Links Test Started
2026-06-10 14:33:21 INFO  TableTest - Selected Row Details: [8, Action Camera, $15.99, ]
2026-06-10 14:33:21 INFO  TableTest - Pagination Table Assertion Passed
2026-06-10 14:33:21 INFO  TableTest - Pagination Table Details Fetched
2026-06-10 14:33:22 INFO  ShadowDomTest - Mobile Label : Mobiles
2026-06-10 14:33:22 INFO  UploadTest - Upload Message : Single file selected: sample.txt, Size: 21 bytes, Type: text/plain
2026-06-10 14:33:22 INFO  UploadTest - Single File Upload Assertion Passed
2026-06-10 14:33:22 INFO  ShadowDomTest - Laptop Label : Laptops
2026-06-10 14:33:23 INFO  ShadowDomTest - Blog Link : Blog
2026-06-10 14:33:23 INFO  ShadowDomTest - Entered Text : Shadow DOM Testing
2026-06-10 14:33:23 INFO  ShadowDomTest - CheckBox Selected : true
2026-06-10 14:33:23 INFO  ShadowDomTest - Uploaded File : C:\fakepath\sample.txt
2026-06-10 14:33:24 INFO  ShadowDomTest - Youtube Link : Youtube
2026-06-10 14:33:24 INFO  ShadowDomTest - Shadow DOM Test Passed
2026-06-10 14:33:25 INFO  MouseHoverTest - Mouse Hover Test 2
2026-06-10 14:33:27 INFO  LabelLinkTest - Errorcode 400 -> 400
2026-06-10 14:33:27 INFO  LabelLinkTest - Errorcode 401 -> 401
2026-06-10 14:33:27 INFO  LabelLinkTest - Errorcode 403 -> 403
2026-06-10 14:33:27 INFO  LabelLinkTest - Errorcode 404 -> 404
2026-06-10 14:33:27 INFO  LabelLinkTest - Errorcode 408 -> 408
2026-06-10 14:33:27 INFO  LabelLinkTest - Errorcode 500 -> 500
2026-06-10 14:33:27 INFO  LabelLinkTest - Errorcode 502 -> 502
2026-06-10 14:33:27 INFO  LabelLinkTest - Errorcode 503 -> 503
2026-06-10 14:33:27 INFO  LabelLinkTest - Broken Links Test Passed
2026-06-10 14:33:28 INFO  MouseHoverTest - Mouse Hover and Laptops Click Successful
2026-06-10 14:33:32 INFO  TabTest - Wiki Pedia Search Test
2026-06-10 14:33:32 INFO  UploadTest - Multiple File Upload Started
2026-06-10 14:33:32 INFO  UploadTest - Upload Message : Multiple files selected:
demo.txt, Size: 19 bytes, Type: text/plain
sample.txt, Size: 21 bytes, Type: text/plain
2026-06-10 14:33:32 INFO  UploadTest - Multiple File Upload Assertion 1 Passed
2026-06-10 14:33:32 INFO  UploadTest - Multiple File Upload Assertion 2 Passed
2026-06-10 14:33:32 INFO  UploadTest - Multiple File Upload Completed
2026-06-10 14:33:35 INFO  SliderTest - Slider moved successfully
2026-06-10 14:33:35 INFO  TabTest - Total Result Found: 5
2026-06-10 14:46:05 INFO  AlertTest - Simple Alert Test Started
2026-06-10 14:46:05 INFO  AlertTest - Simple Alert Accepted Successfully
2026-06-10 14:46:20 INFO  AlertTest - Confirm Alert Accept Test Started
2026-06-10 14:46:20 INFO  AlertTest - Confirm Alert Result : You pressed OK!
2026-06-10 14:46:25 INFO  AlertTest - Confirm Alert Dismiss Test Started
2026-06-10 14:46:26 INFO  AlertTest - Confirm Alert Result : You pressed Cancel!
2026-06-10 14:46:33 INFO  AlertTest - Prompt Alert Accept Test Started
2026-06-10 14:46:33 INFO  AlertTest - Prompt Alert Result : Hello David! How are you today?
2026-06-10 14:46:38 INFO  AlertTest - Prompt Alert Dismiss Test Started
2026-06-10 14:46:39 INFO  AlertTest - Prompt Alert Result : User cancelled the prompt.
2026-06-10 14:56:11 INFO  DownloadFilesTest - Download File Test Started
2026-06-10 14:56:11 INFO  ListTest - Single Color Test
2026-06-10 14:56:11 INFO  GUIFormTest - Form Test Started
2026-06-10 14:56:11 INFO  AlertTest - Simple Alert Test Started
2026-06-10 14:56:11 INFO  GUIFormTest - Entering Name
2026-06-10 14:56:12 INFO  DoubleClickTest - Double Click Test Started
2026-06-10 14:56:12 INFO  DragDropTest - Drag and Drop Test Started
2026-06-10 14:56:12 INFO  DateTest - Date Picker 1 started
2026-06-10 14:56:15 INFO  SvgTest - Starting Svg Element Test
2026-06-10 14:56:16 INFO  FormTest - Form Test Started
2026-06-10 14:56:17 INFO  GUIFormTest - Entering Email
2026-06-10 14:56:17 INFO  DoubleClickTest - Original Text : Hello World!
2026-06-10 14:56:17 INFO  DoubleClickTest - Copied Text   : Hello World!
2026-06-10 14:56:17 INFO  DoubleClickTest - Double Click Test Passed
2026-06-10 14:56:18 INFO  GUIFormTest - Entering Phone
2026-06-10 14:56:18 INFO  GUIFormTest - Entering Address
2026-06-10 14:56:18 INFO  GUIFormTest - Entering Gender
2026-06-10 14:56:19 INFO  GUIFormTest - Entering Days
2026-06-10 14:56:20 INFO  AlertTest - Simple Alert Accepted Successfully
2026-06-10 14:56:20 INFO  FormTest - Section 1 Assertion Passed
2026-06-10 14:56:20 INFO  GUIFormTest - Entering Country
2026-06-10 14:56:20 INFO  FormTest - Section 2 Assertion Passed
2026-06-10 14:56:21 INFO  FormTest - Section 3 Assertion Passed
2026-06-10 14:56:21 INFO  FormTest - Form Test Completed
2026-06-10 14:56:21 INFO  GUIFormTest - Name Assertion Passed
2026-06-10 14:56:21 INFO  GUIFormTest - Email Assertion Passed
2026-06-10 14:56:22 INFO  GUIFormTest - Phone Assertion Passed
2026-06-10 14:56:22 INFO  GUIFormTest - Address Assertion Passed
2026-06-10 14:56:22 INFO  SvgTest - Red Circle Displayed : true
2026-06-10 14:56:22 INFO  SvgTest - Green Rectangle Displayed : true
2026-06-10 14:56:22 INFO  SvgTest - Blue Triangle Displayed : true
2026-06-10 14:56:22 INFO  SvgTest - Svg Element Test Completed
2026-06-10 14:56:22 INFO  DynamicButtonTest - Dynamic Button Test Started
2026-06-10 14:56:22 INFO  DynamicButtonTest - Clicking START Button
2026-06-10 14:56:22 INFO  DragDropTest - Drag and Drop Test Passed
2026-06-10 14:56:22 INFO  DragDropTest - Drop Result: Dropped!
2026-06-10 14:56:22 INFO  GUIFormTest - Country Assertion Passed
2026-06-10 14:56:22 INFO  GUIFormTest - Form Test Completed
2026-06-10 14:56:22 INFO  DynamicButtonTest - STOP Button Displayed
2026-06-10 14:56:24 INFO  DynamicButtonTest - Clicking STOP Button
2026-06-10 14:56:24 INFO  DynamicButtonTest - START Button Displayed Again
2026-06-10 14:56:24 INFO  DynamicButtonTest - Dynamic Button Test Passed
2026-06-10 14:56:28 INFO  ListTest - Single Animal Test
2026-06-10 14:56:29 INFO  TableTest - Book Detail Fetch Start
2026-06-10 14:56:30 INFO  DownloadFilesTest - Current URL : https://testautomationpractice.blogspot.com/p/download-files_25.html
2026-06-10 14:56:30 INFO  DownloadFilesTest - Download Files Test Passed
2026-06-10 14:56:30 INFO  ListTest - Single color Assertion Passed
2026-06-10 14:56:30 INFO  ListTest - Single Animal Assertion Passed
2026-06-10 14:56:32 INFO  HiddenAjaxTest - Hidden Ajax Test Started
2026-06-10 14:56:33 INFO  GUIFormTest - Form Test Started
2026-06-10 14:56:33 INFO  GUIFormTest - Entering Name
2026-06-10 14:56:34 INFO  TableTest - Maximum Price Book Details:
 [Master In Selenium, Mukesh, Selenium, 3000]
2026-06-10 14:56:34 INFO  TableTest - Maximum Price Book Assertion Passed
2026-06-10 14:56:34 INFO  TableTest - Book Details Fetched Successfully
2026-06-10 14:56:34 INFO  GUIFormTest - Entering Email
2026-06-10 14:56:34 INFO  GUIFormTest - Entering Phone
2026-06-10 14:56:35 INFO  GUIFormTest - Entering Address
2026-06-10 14:56:35 INFO  GUIFormTest - Entering Gender
2026-06-10 14:56:35 INFO  GUIFormTest - Entering Days
2026-06-10 14:56:35 INFO  GUIFormTest - Entering Country
2026-06-10 14:56:36 INFO  GUIFormTest - Name Assertion Passed
2026-06-10 14:56:36 INFO  GUIFormTest - Email Assertion Passed
2026-06-10 14:56:36 INFO  GUIFormTest - Phone Assertion Passed
2026-06-10 14:56:36 INFO  GUIFormTest - Address Assertion Passed
2026-06-10 14:56:37 INFO  GUIFormTest - Country Assertion Passed
2026-06-10 14:56:37 INFO  GUIFormTest - Form Test Completed
2026-06-10 14:56:37 INFO  DateTest - Date Picker 1 Assertion Passed
2026-06-10 14:56:40 INFO  LabelLinkTest - Mobile Labels Test Started
2026-06-10 14:56:40 INFO  LabelLinkTest - Mobile Label : Samsung
2026-06-10 14:56:40 INFO  LabelLinkTest - Mobile Label : Real Me
2026-06-10 14:56:40 INFO  LabelLinkTest - Mobile Label : Moto
2026-06-10 14:56:40 INFO  LabelLinkTest - Mobile Labels Test Passed
2026-06-10 14:56:43 INFO  HiddenAjaxTest - Ajax Status Assertion Passed
2026-06-10 14:56:43 INFO  HiddenAjaxTest - Hidden Ajax Test Completed
2026-06-10 14:56:43 INFO  AlertTest - Confirm Alert Accept Test Started
2026-06-10 14:56:44 INFO  AlertTest - Confirm Alert Result : You pressed OK!
2026-06-10 14:56:44 INFO  DropDownTest - Scrolling Dropdown Test Started
2026-06-10 14:56:46 INFO  MouseHoverTest - Mouse Hover Test 1
2026-06-10 14:56:48 INFO  DropDownTest - Selected Option: Item 59
2026-06-10 14:56:48 INFO  DropDownTest - Scrolling Dropdown Test Passed
2026-06-10 14:56:48 INFO  MouseHoverTest - Mouse Hover and Mobiles Click Successful
2026-06-10 14:56:50 INFO  ShadowDomTest - Shadow DOM Test Started
2026-06-10 14:56:50 INFO  ShadowDomTest - Mobile Label : Mobiles
2026-06-10 14:56:50 INFO  ShadowDomTest - Laptop Label : Laptops
2026-06-10 14:56:50 INFO  ShadowDomTest - Blog Link : Blog
2026-06-10 14:56:50 INFO  ShadowDomTest - Entered Text : Shadow DOM Testing
2026-06-10 14:56:51 INFO  TableTest - Verifying Dynamic Table Details
2026-06-10 14:56:51 INFO  TableTest - CPU load of Chrome process: 4.5%
2026-06-10 14:56:51 INFO  TableTest - Memory Size of Firefox process: 88.3 MB
2026-06-10 14:56:51 INFO  TableTest - Network speed of Chrome process: 7.7 Mbps
2026-06-10 14:56:51 INFO  TableTest - Disk space of Firefox process: 0.54 MB/s
2026-06-10 14:56:51 INFO  TableTest - Dynamic Table Assertion Passed
2026-06-10 14:56:51 INFO  TableTest - Dynamic Table Details Fetched
2026-06-10 14:56:52 INFO  ShadowDomTest - CheckBox Selected : true
2026-06-10 14:56:52 INFO  ShadowDomTest - Uploaded File : C:\fakepath\sample.txt
2026-06-10 14:56:52 INFO  ShadowDomTest - Youtube Link : Youtube
2026-06-10 14:56:52 INFO  ShadowDomTest - Shadow DOM Test Passed
2026-06-10 14:56:55 INFO  DateTest - Date Picker 2 started
2026-06-10 14:56:55 INFO  LabelLinkTest - Laptop Links Test Started
2026-06-10 14:56:55 INFO  ListTest - Multiple Color Test
2026-06-10 14:56:57 INFO  LabelLinkTest - Laptop Link : Apple
2026-06-10 14:56:57 INFO  LabelLinkTest - Laptop Link : Lenovo
2026-06-10 14:56:57 INFO  LabelLinkTest - Laptop Link : Dell
2026-06-10 14:56:57 INFO  LabelLinkTest - Laptop Links Test Passed
2026-06-10 14:56:58 INFO  AlertTest - Confirm Alert Dismiss Test Started
2026-06-10 14:57:02 INFO  UploadTest - Single File Upload Started
2026-06-10 14:57:03 INFO  TableTest - Verifying Pagination Table Details
2026-06-10 14:57:06 INFO  UploadTest - Upload Message : Single file selected: sample.txt, Size: 21 bytes, Type: text/plain
2026-06-10 14:57:06 INFO  UploadTest - Single File Upload Assertion Passed
2026-06-10 14:57:06 INFO  AlertTest - Confirm Alert Result : You pressed Cancel!
2026-06-10 14:57:07 INFO  DateTest - Date Picker 2 Assertion Passed
2026-06-10 14:57:07 INFO  MouseHoverTest - Mouse Hover Test 2
2026-06-10 14:57:07 INFO  TableTest - Selected Row Details: [8, Action Camera, $15.99, ]
2026-06-10 14:57:07 INFO  TableTest - Pagination Table Assertion Passed
2026-06-10 14:57:07 INFO  TableTest - Pagination Table Details Fetched
2026-06-10 14:57:09 INFO  MouseHoverTest - Mouse Hover and Laptops Click Successful
2026-06-10 14:57:11 INFO  TabTest - Wiki Pedia Search Test
2026-06-10 14:57:11 INFO  ListTest - Multiple Animal Test
2026-06-10 14:57:12 INFO  SliderTest - Slider moved successfully
2026-06-10 14:57:12 INFO  ListTest - Multiple color Assertion Passed
2026-06-10 14:57:12 INFO  ListTest - Multiple Animal Assertion Passed
2026-06-10 14:57:14 INFO  TabTest - Total Result Found: 5
2026-06-10 14:57:19 INFO  AlertTest - Prompt Alert Accept Test Started
2026-06-10 14:57:19 INFO  AlertTest - Prompt Alert Result : Hello David! How are you today?
2026-06-10 14:57:20 INFO  UploadTest - Multiple File Upload Started
2026-06-10 14:57:20 INFO  UploadTest - Upload Message : Multiple files selected:
demo.txt, Size: 19 bytes, Type: text/plain
sample.txt, Size: 21 bytes, Type: text/plain
2026-06-10 14:57:20 INFO  UploadTest - Multiple File Upload Assertion 1 Passed
2026-06-10 14:57:20 INFO  UploadTest - Multiple File Upload Assertion 2 Passed
2026-06-10 14:57:20 INFO  UploadTest - Multiple File Upload Completed
2026-06-10 14:57:21 INFO  DateTest - Date Picker 3 started
2026-06-10 14:57:22 INFO  LabelLinkTest - Broken Links Test Started
2026-06-10 14:57:22 INFO  DateTest - Date Range Result :
You selected a range of 15 days.
2026-06-10 14:57:22 INFO  DateTest - Date Picker 3 Assertion Passed
2026-06-10 14:57:28 INFO  AlertTest - Prompt Alert Dismiss Test Started
2026-06-10 14:57:28 INFO  AlertTest - Prompt Alert Result : User cancelled the prompt.
2026-06-10 14:57:28 INFO  LabelLinkTest - Errorcode 400 -> 400
2026-06-10 14:57:28 INFO  LabelLinkTest - Errorcode 401 -> 401
2026-06-10 14:57:28 INFO  LabelLinkTest - Errorcode 403 -> 403
2026-06-10 14:57:28 INFO  LabelLinkTest - Errorcode 404 -> 404
2026-06-10 14:57:28 INFO  LabelLinkTest - Errorcode 408 -> 408
2026-06-10 14:57:28 INFO  LabelLinkTest - Errorcode 500 -> 500
2026-06-10 14:57:28 INFO  LabelLinkTest - Errorcode 502 -> 502
2026-06-10 14:57:28 INFO  LabelLinkTest - Errorcode 503 -> 503
2026-06-10 14:57:28 INFO  LabelLinkTest - Broken Links Test Passed
2026-06-10 14:59:34 INFO  DoubleClickTest - Double Click Test Started
2026-06-10 14:59:34 INFO  DragDropTest - Drag and Drop Test Started
2026-06-10 14:59:34 INFO  DateTest - Date Picker 1 started
2026-06-10 14:59:34 INFO  DownloadFilesTest - Download File Test Started
2026-06-10 14:59:35 INFO  ListTest - Single Color Test
2026-06-10 14:59:35 INFO  AlertTest - Simple Alert Test Started
2026-06-10 14:59:36 INFO  SvgTest - Starting Svg Element Test
2026-06-10 14:59:36 INFO  HiddenAjaxTest - Hidden Ajax Test Started
2026-06-10 14:59:37 INFO  GUIFormTest - Form Test Started
2026-06-10 14:59:37 INFO  GUIFormTest - Entering Name
2026-06-10 14:59:41 INFO  DoubleClickTest - Original Text : Hello World!
2026-06-10 14:59:41 INFO  DoubleClickTest - Copied Text   : Hello World!
2026-06-10 14:59:41 INFO  DoubleClickTest - Double Click Test Passed
2026-06-10 14:59:43 INFO  DynamicButtonTest - Dynamic Button Test Started
2026-06-10 14:59:43 INFO  DynamicButtonTest - Clicking START Button
2026-06-10 14:59:44 INFO  GUIFormTest - Entering Email
2026-06-10 14:59:44 INFO  FormTest - Form Test Started
2026-06-10 14:59:44 INFO  GUIFormTest - Entering Phone
2026-06-10 14:59:45 INFO  AlertTest - Simple Alert Accepted Successfully
2026-06-10 14:59:45 INFO  DynamicButtonTest - STOP Button Displayed
2026-06-10 14:59:46 INFO  GUIFormTest - Entering Address
2026-06-10 14:59:46 INFO  SvgTest - Red Circle Displayed : true
2026-06-10 14:59:46 INFO  SvgTest - Green Rectangle Displayed : true
2026-06-10 14:59:46 INFO  SvgTest - Blue Triangle Displayed : true
2026-06-10 14:59:46 INFO  SvgTest - Svg Element Test Completed
2026-06-10 14:59:46 INFO  GUIFormTest - Entering Gender
2026-06-10 14:59:47 INFO  GUIFormTest - Entering Days
2026-06-10 14:59:47 INFO  DragDropTest - Drag and Drop Test Passed
2026-06-10 14:59:47 INFO  DragDropTest - Drop Result: Dropped!
2026-06-10 14:59:47 INFO  DynamicButtonTest - Clicking STOP Button
2026-06-10 14:59:47 INFO  GUIFormTest - Entering Country
2026-06-10 14:59:48 INFO  DynamicButtonTest - START Button Displayed Again
2026-06-10 14:59:48 INFO  DynamicButtonTest - Dynamic Button Test Passed
2026-06-10 14:59:48 INFO  GUIFormTest - Name Assertion Passed
2026-06-10 14:59:48 INFO  GUIFormTest - Email Assertion Passed
2026-06-10 14:59:48 INFO  GUIFormTest - Phone Assertion Passed
2026-06-10 14:59:48 INFO  GUIFormTest - Address Assertion Passed
2026-06-10 14:59:48 INFO  FormTest - Section 1 Assertion Passed
2026-06-10 14:59:48 INFO  FormTest - Section 2 Assertion Passed
2026-06-10 14:59:48 INFO  FormTest - Section 3 Assertion Passed
2026-06-10 14:59:48 INFO  FormTest - Form Test Completed
2026-06-10 14:59:48 INFO  GUIFormTest - Country Assertion Passed
2026-06-10 14:59:48 INFO  GUIFormTest - Form Test Completed
2026-06-10 14:59:50 INFO  ListTest - Single Animal Test
2026-06-10 14:59:50 INFO  ListTest - Single color Assertion Passed
2026-06-10 14:59:50 INFO  ListTest - Single Animal Assertion Passed
2026-06-10 14:59:51 INFO  HiddenAjaxTest - Ajax Status Assertion Passed
2026-06-10 14:59:51 INFO  HiddenAjaxTest - Hidden Ajax Test Completed
2026-06-10 14:59:53 INFO  DateTest - Date Picker 1 Assertion Passed
2026-06-10 14:59:53 INFO  DownloadFilesTest - Current URL : https://testautomationpractice.blogspot.com/p/download-files_25.html
2026-06-10 14:59:53 INFO  DownloadFilesTest - Download Files Test Passed
2026-06-10 14:59:58 INFO  TableTest - Book Detail Fetch Start
2026-06-10 14:59:59 INFO  LabelLinkTest - Mobile Labels Test Started
2026-06-10 15:00:00 INFO  AlertTest - Confirm Alert Accept Test Started
2026-06-10 15:00:01 INFO  ShadowDomTest - Shadow DOM Test Started
2026-06-10 15:00:02 INFO  DropDownTest - Scrolling Dropdown Test Started
2026-06-10 15:00:03 INFO  MouseHoverTest - Mouse Hover Test 1
2026-06-10 15:00:03 INFO  TableTest - Maximum Price Book Details:
 [Master In Selenium, Mukesh, Selenium, 3000]
2026-06-10 15:00:03 INFO  TableTest - Maximum Price Book Assertion Passed
2026-06-10 15:00:03 INFO  TableTest - Book Details Fetched Successfully
2026-06-10 15:00:04 INFO  GUIFormTest - Form Test Started
2026-06-10 15:00:04 INFO  GUIFormTest - Entering Name
2026-06-10 15:00:04 INFO  LabelLinkTest - Mobile Label : Samsung
2026-06-10 15:00:04 INFO  LabelLinkTest - Mobile Label : Real Me
2026-06-10 15:00:04 INFO  LabelLinkTest - Mobile Label : Moto
2026-06-10 15:00:04 INFO  LabelLinkTest - Mobile Labels Test Passed
2026-06-10 15:00:05 INFO  GUIFormTest - Entering Email
2026-06-10 15:00:05 INFO  AlertTest - Confirm Alert Result : You pressed OK!
2026-06-10 15:00:05 INFO  GUIFormTest - Entering Phone
2026-06-10 15:00:06 INFO  GUIFormTest - Entering Address
2026-06-10 15:00:06 INFO  GUIFormTest - Entering Gender
2026-06-10 15:00:06 INFO  GUIFormTest - Entering Days
2026-06-10 15:00:06 INFO  ShadowDomTest - Mobile Label : Mobiles
2026-06-10 15:00:06 INFO  ShadowDomTest - Laptop Label : Laptops
2026-06-10 15:00:06 INFO  ShadowDomTest - Blog Link : Blog
2026-06-10 15:00:07 INFO  GUIFormTest - Entering Country
2026-06-10 15:00:07 INFO  ShadowDomTest - Entered Text : Shadow DOM Testing
2026-06-10 15:00:07 INFO  MouseHoverTest - Mouse Hover and Mobiles Click Successful
2026-06-10 15:00:07 INFO  ShadowDomTest - CheckBox Selected : true
2026-06-10 15:00:07 INFO  GUIFormTest - Name Assertion Passed
2026-06-10 15:00:07 INFO  ShadowDomTest - Uploaded File : C:\fakepath\sample.txt
2026-06-10 15:00:07 INFO  GUIFormTest - Email Assertion Passed
2026-06-10 15:00:07 INFO  ShadowDomTest - Youtube Link : Youtube
2026-06-10 15:00:07 INFO  ShadowDomTest - Shadow DOM Test Passed
2026-06-10 15:00:07 INFO  GUIFormTest - Phone Assertion Passed
2026-06-10 15:00:07 INFO  GUIFormTest - Address Assertion Passed
2026-06-10 15:00:07 INFO  GUIFormTest - Country Assertion Passed
2026-06-10 15:00:07 INFO  GUIFormTest - Form Test Completed
2026-06-10 15:00:08 INFO  DropDownTest - Selected Option: Item 59
2026-06-10 15:00:08 INFO  DropDownTest - Scrolling Dropdown Test Passed
2026-06-10 15:00:16 INFO  TableTest - Verifying Dynamic Table Details
2026-06-10 15:00:16 INFO  TableTest - CPU load of Chrome process: 8.0%
2026-06-10 15:00:16 INFO  TableTest - Memory Size of Firefox process: 97.2 MB
2026-06-10 15:00:16 INFO  TableTest - Network speed of Chrome process: 1.2 Mbps
2026-06-10 15:00:16 INFO  TableTest - Disk space of Firefox process: 0.07 MB/s
2026-06-10 15:00:16 INFO  TableTest - Dynamic Table Assertion Passed
2026-06-10 15:00:16 INFO  TableTest - Dynamic Table Details Fetched
2026-06-10 15:00:17 INFO  ListTest - Multiple Color Test
2026-06-10 15:00:19 INFO  UploadTest - Single File Upload Started
2026-06-10 15:00:19 INFO  AlertTest - Confirm Alert Dismiss Test Started
2026-06-10 15:00:19 INFO  LabelLinkTest - Laptop Links Test Started
2026-06-10 15:00:20 INFO  SliderTest - Slider moved successfully
2026-06-10 15:00:20 INFO  AlertTest - Confirm Alert Result : You pressed Cancel!
2026-06-10 15:00:20 INFO  UploadTest - Upload Message : Single file selected: sample.txt, Size: 21 bytes, Type: text/plain
2026-06-10 15:00:20 INFO  UploadTest - Single File Upload Assertion Passed
2026-06-10 15:00:23 INFO  ListTest - Multiple Animal Test
2026-06-10 15:00:23 INFO  LabelLinkTest - Laptop Link : Apple
2026-06-10 15:00:23 INFO  LabelLinkTest - Laptop Link : Lenovo
2026-06-10 15:00:23 INFO  LabelLinkTest - Laptop Link : Dell
2026-06-10 15:00:23 INFO  LabelLinkTest - Laptop Links Test Passed
2026-06-10 15:00:25 INFO  MouseHoverTest - Mouse Hover Test 2
2026-06-10 15:00:25 INFO  TabTest - Wiki Pedia Search Test
2026-06-10 15:00:26 INFO  ListTest - Multiple color Assertion Passed
2026-06-10 15:00:26 INFO  ListTest - Multiple Animal Assertion Passed
2026-06-10 15:00:27 INFO  TableTest - Verifying Pagination Table Details
2026-06-10 15:00:28 INFO  DateTest - Date Picker 2 started
2026-06-10 15:00:29 INFO  TabTest - Total Result Found: 5
2026-06-10 15:00:30 INFO  MouseHoverTest - Mouse Hover and Laptops Click Successful
2026-06-10 15:00:31 INFO  DateTest - Date Picker 2 Assertion Passed
2026-06-10 15:00:31 INFO  TableTest - Selected Row Details: [8, Action Camera, $15.99, ]
2026-06-10 15:00:31 INFO  TableTest - Pagination Table Assertion Passed
2026-06-10 15:00:31 INFO  TableTest - Pagination Table Details Fetched
2026-06-10 15:00:32 INFO  UploadTest - Multiple File Upload Started
2026-06-10 15:00:33 INFO  UploadTest - Upload Message : Multiple files selected:
demo.txt, Size: 19 bytes, Type: text/plain
sample.txt, Size: 21 bytes, Type: text/plain
2026-06-10 15:00:33 INFO  UploadTest - Multiple File Upload Assertion 1 Passed
2026-06-10 15:00:33 INFO  UploadTest - Multiple File Upload Assertion 2 Passed
2026-06-10 15:00:33 INFO  UploadTest - Multiple File Upload Completed
2026-06-10 15:00:35 INFO  LabelLinkTest - Broken Links Test Started
2026-06-10 15:00:37 INFO  AlertTest - Prompt Alert Accept Test Started
2026-06-10 15:00:37 INFO  AlertTest - Prompt Alert Result : Hello David! How are you today?
2026-06-10 15:00:41 INFO  LabelLinkTest - Errorcode 400 -> 400
2026-06-10 15:00:41 INFO  LabelLinkTest - Errorcode 401 -> 401
2026-06-10 15:00:41 INFO  LabelLinkTest - Errorcode 403 -> 403
2026-06-10 15:00:41 INFO  LabelLinkTest - Errorcode 404 -> 404
2026-06-10 15:00:41 INFO  LabelLinkTest - Errorcode 408 -> 408
2026-06-10 15:00:41 INFO  LabelLinkTest - Errorcode 500 -> 500
2026-06-10 15:00:41 INFO  LabelLinkTest - Errorcode 502 -> 502
2026-06-10 15:00:41 INFO  LabelLinkTest - Errorcode 503 -> 503
2026-06-10 15:00:41 INFO  LabelLinkTest - Broken Links Test Passed
2026-06-10 15:00:42 INFO  DateTest - Date Picker 3 started
2026-06-10 15:00:43 INFO  DateTest - Date Range Result :
You selected a range of 15 days.
2026-06-10 15:00:43 INFO  DateTest - Date Picker 3 Assertion Passed
2026-06-10 15:00:43 INFO  AlertTest - Prompt Alert Dismiss Test Started
2026-06-10 15:00:44 INFO  AlertTest - Prompt Alert Result : User cancelled the prompt.
2026-06-10 15:03:17 INFO  HiddenAjaxTest - Hidden Ajax Test Started
2026-06-10 15:03:24 INFO  HiddenAjaxTest - Ajax Status Assertion Passed
2026-06-10 15:03:24 INFO  HiddenAjaxTest - Hidden Ajax Test Completed
2026-06-10 15:12:20 INFO  DateTest - Date Picker 1 started
2026-06-10 15:12:23 INFO  DownloadFilesTest - Download File Test Started
2026-06-10 15:12:23 INFO  DoubleClickTest - Double Click Test Started
2026-06-10 15:12:24 INFO  DoubleClickTest - Original Text : Hello World!
2026-06-10 15:12:24 INFO  DoubleClickTest - Copied Text   : Hello World!
2026-06-10 15:12:24 INFO  DoubleClickTest - Double Click Test Passed
2026-06-10 15:12:24 INFO  AlertTest - Simple Alert Test Started
2026-06-10 15:12:25 INFO  AlertTest - Simple Alert Accepted Successfully
2026-06-10 15:12:26 INFO  DragDropTest - Drag and Drop Test Started
2026-06-10 15:12:26 INFO  DragDropTest - Drag and Drop Test Passed
2026-06-10 15:12:26 INFO  DragDropTest - Drop Result: Dropped!
2026-06-10 15:12:31 INFO  FormTest - Form Test Started
2026-06-10 15:12:32 INFO  DateTest - Date Picker 1 Assertion Passed
2026-06-10 15:12:33 INFO  FormTest - Section 1 Assertion Passed
2026-06-10 15:12:33 INFO  FormTest - Section 2 Assertion Passed
2026-06-10 15:12:33 INFO  FormTest - Section 3 Assertion Passed
2026-06-10 15:12:33 INFO  FormTest - Form Test Completed
2026-06-10 15:12:36 INFO  AlertTest - Confirm Alert Accept Test Started
2026-06-10 15:12:37 INFO  AlertTest - Confirm Alert Result : You pressed OK!
2026-06-10 15:12:37 INFO  SvgTest - Starting Svg Element Test
2026-06-10 15:12:38 INFO  DownloadFilesTest - Current URL : https://testautomationpractice.blogspot.com/p/download-files_25.html
2026-06-10 15:12:38 INFO  DownloadFilesTest - Download Files Test Passed
2026-06-10 15:12:39 INFO  SvgTest - Red Circle Displayed : true
2026-06-10 15:12:39 INFO  SvgTest - Green Rectangle Displayed : true
2026-06-10 15:12:39 INFO  SvgTest - Blue Triangle Displayed : true
2026-06-10 15:12:39 INFO  SvgTest - Svg Element Test Completed
2026-06-10 15:12:40 INFO  ListTest - Single Color Test
2026-06-10 15:12:42 INFO  DateTest - Date Picker 2 started
2026-06-10 15:12:44 INFO  AlertTest - Confirm Alert Dismiss Test Started
2026-06-10 15:12:45 INFO  DateTest - Date Picker 2 Assertion Passed
2026-06-10 15:12:45 INFO  AlertTest - Confirm Alert Result : You pressed Cancel!
2026-06-10 15:12:45 INFO  GUIFormTest - Form Test Started
2026-06-10 15:12:45 INFO  GUIFormTest - Entering Name
2026-06-10 15:12:46 INFO  DynamicButtonTest - Dynamic Button Test Started
2026-06-10 15:12:46 INFO  DynamicButtonTest - Clicking START Button
2026-06-10 15:12:46 INFO  DynamicButtonTest - STOP Button Displayed
2026-06-10 15:12:48 INFO  ListTest - Single Animal Test
2026-06-10 15:12:48 INFO  DynamicButtonTest - Clicking STOP Button
2026-06-10 15:12:49 INFO  GUIFormTest - Entering Email
2026-06-10 15:12:49 INFO  GUIFormTest - Entering Phone
2026-06-10 15:12:49 INFO  DynamicButtonTest - START Button Displayed Again
2026-06-10 15:12:49 INFO  DynamicButtonTest - Dynamic Button Test Passed
2026-06-10 15:12:49 INFO  GUIFormTest - Entering Address
2026-06-10 15:12:49 INFO  ListTest - Single color Assertion Passed
2026-06-10 15:12:49 INFO  GUIFormTest - Entering Gender
2026-06-10 15:12:49 INFO  GUIFormTest - Entering Days
2026-06-10 15:12:49 INFO  ListTest - Single Animal Assertion Passed
2026-06-10 15:12:50 INFO  GUIFormTest - Entering Country
2026-06-10 15:12:50 INFO  GUIFormTest - Name Assertion Passed
2026-06-10 15:12:50 INFO  GUIFormTest - Email Assertion Passed
2026-06-10 15:12:50 INFO  GUIFormTest - Phone Assertion Passed
2026-06-10 15:12:50 INFO  GUIFormTest - Address Assertion Passed
2026-06-10 15:12:51 INFO  GUIFormTest - Country Assertion Passed
2026-06-10 15:12:51 INFO  GUIFormTest - Form Test Completed
2026-06-10 15:12:53 INFO  AlertTest - Prompt Alert Accept Test Started
2026-06-10 15:12:53 INFO  DateTest - Date Picker 3 started
2026-06-10 15:12:54 INFO  AlertTest - Prompt Alert Result : Hello David! How are you today?
2026-06-10 15:12:54 INFO  DateTest - Date Range Result :
You selected a range of 15 days.
2026-06-10 15:12:54 INFO  DateTest - Date Picker 3 Assertion Passed
2026-06-10 15:12:54 INFO  HiddenAjaxTest - Hidden Ajax Test Started
2026-06-10 15:12:56 INFO  ListTest - Multiple Color Test
2026-06-10 15:12:59 INFO  GUIFormTest - Form Test Started
2026-06-10 15:12:59 INFO  GUIFormTest - Entering Name
2026-06-10 15:12:59 INFO  ListTest - Multiple Animal Test
2026-06-10 15:13:00 INFO  ListTest - Multiple color Assertion Passed
2026-06-10 15:13:01 INFO  ListTest - Multiple Animal Assertion Passed
2026-06-10 15:13:02 INFO  HiddenAjaxTest - Ajax Status Assertion Passed
2026-06-10 15:13:02 INFO  HiddenAjaxTest - Hidden Ajax Test Completed
2026-06-10 15:13:04 INFO  AlertTest - Prompt Alert Dismiss Test Started
2026-06-10 15:13:04 INFO  AlertTest - Prompt Alert Result : User cancelled the prompt.
2026-06-10 15:13:04 INFO  GUIFormTest - Entering Email
2026-06-10 15:13:05 INFO  TableTest - Book Detail Fetch Start
2026-06-10 15:13:05 INFO  GUIFormTest - Entering Phone
2026-06-10 15:13:05 INFO  GUIFormTest - Entering Address
2026-06-10 15:13:05 INFO  TableTest - Maximum Price Book Details:
 [Master In Selenium, Mukesh, Selenium, 3000]
2026-06-10 15:13:05 INFO  TableTest - Maximum Price Book Assertion Passed
2026-06-10 15:13:05 INFO  TableTest - Book Details Fetched Successfully
2026-06-10 15:13:05 INFO  GUIFormTest - Entering Gender
2026-06-10 15:13:05 INFO  GUIFormTest - Entering Days
2026-06-10 15:13:06 INFO  GUIFormTest - Entering Country
2026-06-10 15:13:06 INFO  GUIFormTest - Name Assertion Passed
2026-06-10 15:13:06 INFO  GUIFormTest - Email Assertion Passed
2026-06-10 15:13:06 INFO  GUIFormTest - Phone Assertion Passed
2026-06-10 15:13:06 INFO  GUIFormTest - Address Assertion Passed
2026-06-10 15:13:06 INFO  GUIFormTest - Country Assertion Passed
2026-06-10 15:13:06 INFO  GUIFormTest - Form Test Completed
2026-06-10 15:13:09 INFO  LabelLinkTest - Mobile Labels Test Started
2026-06-10 15:13:09 INFO  LabelLinkTest - Mobile Label : Samsung
2026-06-10 15:13:09 INFO  LabelLinkTest - Mobile Label : Real Me
2026-06-10 15:13:09 INFO  LabelLinkTest - Mobile Label : Moto
2026-06-10 15:13:09 INFO  LabelLinkTest - Mobile Labels Test Passed
2026-06-10 15:13:13 INFO  MouseHoverTest - Mouse Hover Test 1
2026-06-10 15:13:15 INFO  TableTest - Verifying Dynamic Table Details
2026-06-10 15:13:15 INFO  TableTest - CPU load of Chrome process: 9.1%
2026-06-10 15:13:15 INFO  TableTest - Memory Size of Firefox process: 34.9 MB
2026-06-10 15:13:15 INFO  TableTest - Network speed of Chrome process: 0.2 Mbps
2026-06-10 15:13:15 INFO  TableTest - Disk space of Firefox process: 0.13 MB/s
2026-06-10 15:13:15 INFO  TableTest - Dynamic Table Assertion Passed
2026-06-10 15:13:15 INFO  TableTest - Dynamic Table Details Fetched
2026-06-10 15:13:15 INFO  MouseHoverTest - Mouse Hover and Mobiles Click Successful
2026-06-10 15:13:15 INFO  DropDownTest - Scrolling Dropdown Test Started
2026-06-10 15:13:16 INFO  ShadowDomTest - Shadow DOM Test Started
2026-06-10 15:13:16 INFO  DropDownTest - Selected Option: Item 59
2026-06-10 15:13:16 INFO  DropDownTest - Scrolling Dropdown Test Passed
2026-06-10 15:13:16 INFO  ShadowDomTest - Mobile Label : Mobiles
2026-06-10 15:13:16 INFO  ShadowDomTest - Laptop Label : Laptops
2026-06-10 15:13:16 INFO  ShadowDomTest - Blog Link : Blog
2026-06-10 15:13:16 INFO  ShadowDomTest - Entered Text : Shadow DOM Testing
2026-06-10 15:13:16 INFO  ShadowDomTest - CheckBox Selected : true
2026-06-10 15:13:17 INFO  ShadowDomTest - Uploaded File : C:\fakepath\sample.txt
2026-06-10 15:13:17 INFO  ShadowDomTest - Youtube Link : Youtube
2026-06-10 15:13:17 INFO  ShadowDomTest - Shadow DOM Test Passed
2026-06-10 15:13:18 INFO  LabelLinkTest - Laptop Links Test Started
2026-06-10 15:13:18 INFO  LabelLinkTest - Laptop Link : Apple
2026-06-10 15:13:18 INFO  LabelLinkTest - Laptop Link : Lenovo
2026-06-10 15:13:18 INFO  LabelLinkTest - Laptop Link : Dell
2026-06-10 15:13:18 INFO  LabelLinkTest - Laptop Links Test Passed
2026-06-10 15:13:23 INFO  LabelLinkTest - Broken Links Test Started
2026-06-10 15:13:25 INFO  TableTest - Verifying Pagination Table Details
2026-06-10 15:13:25 INFO  MouseHoverTest - Mouse Hover Test 2
2026-06-10 15:13:25 INFO  UploadTest - Single File Upload Started
2026-06-10 15:13:26 INFO  UploadTest - Upload Message : Single file selected: sample.txt, Size: 21 bytes, Type: text/plain
2026-06-10 15:13:26 INFO  UploadTest - Single File Upload Assertion Passed
2026-06-10 15:13:26 INFO  TableTest - Selected Row Details: [8, Action Camera, $15.99, ]
2026-06-10 15:13:26 INFO  TableTest - Pagination Table Assertion Passed
2026-06-10 15:13:26 INFO  TableTest - Pagination Table Details Fetched
2026-06-10 15:13:26 INFO  MouseHoverTest - Mouse Hover and Laptops Click Successful
2026-06-10 15:13:31 INFO  SliderTest - Slider moved successfully
2026-06-10 15:13:32 INFO  UploadTest - Multiple File Upload Started
2026-06-10 15:13:32 INFO  UploadTest - Upload Message : Multiple files selected:
demo.txt, Size: 19 bytes, Type: text/plain
sample.txt, Size: 21 bytes, Type: text/plain
2026-06-10 15:13:32 INFO  UploadTest - Multiple File Upload Assertion 1 Passed
2026-06-10 15:13:32 INFO  UploadTest - Multiple File Upload Assertion 2 Passed
2026-06-10 15:13:32 INFO  UploadTest - Multiple File Upload Completed
2026-06-10 15:13:35 INFO  TabTest - Wiki Pedia Search Test
2026-06-10 15:13:38 INFO  LabelLinkTest - Errorcode 400 -> 400
2026-06-10 15:13:38 INFO  LabelLinkTest - Errorcode 401 -> 401
2026-06-10 15:13:38 INFO  LabelLinkTest - Errorcode 403 -> 403
2026-06-10 15:13:38 INFO  LabelLinkTest - Errorcode 404 -> 404
2026-06-10 15:13:38 INFO  LabelLinkTest - Errorcode 408 -> 408
2026-06-10 15:13:38 INFO  LabelLinkTest - Errorcode 500 -> 500
2026-06-10 15:13:38 INFO  LabelLinkTest - Errorcode 502 -> 502
2026-06-10 15:13:38 INFO  LabelLinkTest - Errorcode 503 -> 503
2026-06-10 15:13:38 INFO  LabelLinkTest - Broken Links Test Passed
2026-06-10 15:13:38 INFO  TabTest - Total Result Found: 5
2026-06-10 15:18:00 INFO  DateTest - Date Picker 1 started
2026-06-10 15:18:00 INFO  AlertTest - Simple Alert Test Started
2026-06-10 15:18:00 INFO  DownloadFilesTest - Download File Test Started
2026-06-10 15:18:06 INFO  DragDropTest - Drag and Drop Test Started
2026-06-10 15:18:06 INFO  DragDropTest - Drag and Drop Test Passed
2026-06-10 15:18:06 INFO  DragDropTest - Drop Result: Dropped!
2026-06-10 15:18:12 INFO  DoubleClickTest - Double Click Test Started
2026-06-10 15:18:13 INFO  DoubleClickTest - Original Text : Hello World!
2026-06-10 15:18:13 INFO  DoubleClickTest - Copied Text   : Hello World!
2026-06-10 15:18:13 INFO  DoubleClickTest - Double Click Test Passed
2026-06-10 15:18:14 INFO  AlertTest - Simple Alert Accepted Successfully
2026-06-10 15:18:15 INFO  FormTest - Form Test Started
2026-06-10 15:18:20 INFO  DateTest - Date Picker 1 Assertion Passed
2026-06-10 15:18:21 INFO  FormTest - Section 1 Assertion Passed
2026-06-10 15:18:21 INFO  FormTest - Section 2 Assertion Passed
2026-06-10 15:18:21 INFO  FormTest - Section 3 Assertion Passed
2026-06-10 15:18:21 INFO  FormTest - Form Test Completed
2026-06-10 15:18:22 INFO  SvgTest - Starting Svg Element Test
2026-06-10 15:18:23 INFO  SvgTest - Red Circle Displayed : true
2026-06-10 15:18:23 INFO  SvgTest - Green Rectangle Displayed : true
2026-06-10 15:18:23 INFO  SvgTest - Blue Triangle Displayed : true
2026-06-10 15:18:23 INFO  SvgTest - Svg Element Test Completed
2026-06-10 15:18:24 INFO  AlertTest - Confirm Alert Accept Test Started
2026-06-10 15:18:24 INFO  AlertTest - Confirm Alert Result : You pressed OK!
2026-06-10 15:18:28 INFO  DownloadFilesTest - Current URL : https://testautomationpractice.blogspot.com/p/download-files_25.html
2026-06-10 15:18:28 INFO  DownloadFilesTest - Download Files Test Passed
2026-06-10 15:18:29 INFO  ListTest - Single Color Test
2026-06-10 15:18:29 INFO  AlertTest - Confirm Alert Dismiss Test Started
2026-06-10 15:18:29 INFO  DateTest - Date Picker 2 started
2026-06-10 15:18:31 INFO  DateTest - Date Picker 2 Assertion Passed
2026-06-10 15:18:31 INFO  DynamicButtonTest - Dynamic Button Test Started
2026-06-10 15:18:31 INFO  DynamicButtonTest - Clicking START Button
2026-06-10 15:18:32 INFO  DynamicButtonTest - STOP Button Displayed
2026-06-10 15:18:32 INFO  ListTest - Single Animal Test
2026-06-10 15:18:32 INFO  ListTest - Single color Assertion Passed
2026-06-10 15:18:33 INFO  AlertTest - Confirm Alert Result : You pressed Cancel!
2026-06-10 15:18:33 INFO  ListTest - Single Animal Assertion Passed
2026-06-10 15:18:34 INFO  DynamicButtonTest - Clicking STOP Button
2026-06-10 15:18:34 INFO  DynamicButtonTest - START Button Displayed Again
2026-06-10 15:18:34 INFO  DynamicButtonTest - Dynamic Button Test Passed
2026-06-10 15:18:37 INFO  DateTest - Date Picker 3 started
2026-06-10 15:18:38 INFO  AlertTest - Prompt Alert Accept Test Started
2026-06-10 15:18:38 INFO  ListTest - Multiple Color Test
2026-06-10 15:18:38 INFO  GUIFormTest - Form Test Started
2026-06-10 15:18:38 INFO  GUIFormTest - Entering Name
2026-06-10 15:18:39 INFO  GUIFormTest - Entering Email
2026-06-10 15:18:39 INFO  GUIFormTest - Entering Phone
2026-06-10 15:18:39 INFO  GUIFormTest - Entering Address
2026-06-10 15:18:40 INFO  GUIFormTest - Entering Gender
2026-06-10 15:18:40 INFO  GUIFormTest - Entering Days
2026-06-10 15:18:40 INFO  GUIFormTest - Entering Country
2026-06-10 15:18:40 INFO  GUIFormTest - Name Assertion Passed
2026-06-10 15:18:40 INFO  GUIFormTest - Email Assertion Passed
2026-06-10 15:18:41 INFO  GUIFormTest - Phone Assertion Passed
2026-06-10 15:18:41 INFO  GUIFormTest - Address Assertion Passed
2026-06-10 15:18:41 INFO  GUIFormTest - Country Assertion Passed
2026-06-10 15:18:41 INFO  GUIFormTest - Form Test Completed
2026-06-10 15:18:42 INFO  AlertTest - Prompt Alert Result : Hello David! How are you today?
2026-06-10 15:18:42 INFO  HiddenAjaxTest - Hidden Ajax Test Started
2026-06-10 15:18:43 INFO  DateTest - Date Range Result :
You selected a range of 15 days.
2026-06-10 15:18:43 INFO  DateTest - Date Picker 3 Assertion Passed
2026-06-10 15:18:45 INFO  GUIFormTest - Form Test Started
2026-06-10 15:18:45 INFO  GUIFormTest - Entering Name
2026-06-10 15:18:45 INFO  ListTest - Multiple Animal Test
2026-06-10 15:18:47 INFO  ListTest - Multiple color Assertion Passed
2026-06-10 15:18:48 INFO  ListTest - Multiple Animal Assertion Passed
2026-06-10 15:18:49 INFO  GUIFormTest - Entering Email
2026-06-10 15:18:49 INFO  GUIFormTest - Entering Phone
2026-06-10 15:18:49 INFO  GUIFormTest - Entering Address
2026-06-10 15:18:49 INFO  GUIFormTest - Entering Gender
2026-06-10 15:18:49 INFO  GUIFormTest - Entering Days
2026-06-10 15:18:50 INFO  GUIFormTest - Entering Country
2026-06-10 15:18:50 INFO  GUIFormTest - Name Assertion Passed
2026-06-10 15:18:50 INFO  GUIFormTest - Email Assertion Passed
2026-06-10 15:18:50 INFO  GUIFormTest - Phone Assertion Passed
2026-06-10 15:18:50 INFO  GUIFormTest - Address Assertion Passed
2026-06-10 15:18:50 INFO  GUIFormTest - Country Assertion Passed
2026-06-10 15:18:50 INFO  GUIFormTest - Form Test Completed
2026-06-10 15:18:50 INFO  HiddenAjaxTest - Ajax Status Assertion Passed
2026-06-10 15:18:50 INFO  HiddenAjaxTest - Hidden Ajax Test Completed
2026-06-10 15:18:50 INFO  AlertTest - Prompt Alert Dismiss Test Started
2026-06-10 15:18:51 INFO  AlertTest - Prompt Alert Result : User cancelled the prompt.
2026-06-10 15:18:52 INFO  TableTest - Book Detail Fetch Start
2026-06-10 15:18:53 INFO  TableTest - Maximum Price Book Details:
 [Master In Selenium, Mukesh, Selenium, 3000]
2026-06-10 15:18:53 INFO  TableTest - Maximum Price Book Assertion Passed
2026-06-10 15:18:53 INFO  TableTest - Book Details Fetched Successfully
2026-06-10 15:18:55 INFO  MouseHoverTest - Mouse Hover Test 1
2026-06-10 15:18:56 INFO  LabelLinkTest - Mobile Labels Test Started
2026-06-10 15:18:56 INFO  LabelLinkTest - Mobile Label : Samsung
2026-06-10 15:18:56 INFO  LabelLinkTest - Mobile Label : Real Me
2026-06-10 15:18:56 INFO  LabelLinkTest - Mobile Label : Moto
2026-06-10 15:18:56 INFO  LabelLinkTest - Mobile Labels Test Passed
2026-06-10 15:18:59 INFO  ShadowDomTest - Shadow DOM Test Started
2026-06-10 15:18:59 INFO  ShadowDomTest - Mobile Label : Mobiles
2026-06-10 15:18:59 INFO  ShadowDomTest - Laptop Label : Laptops
2026-06-10 15:19:00 INFO  ShadowDomTest - Blog Link : Blog
2026-06-10 15:19:00 INFO  MouseHoverTest - Mouse Hover and Mobiles Click Successful
2026-06-10 15:19:00 INFO  ShadowDomTest - Entered Text : Shadow DOM Testing
2026-06-10 15:19:00 INFO  ShadowDomTest - CheckBox Selected : true
2026-06-10 15:19:00 INFO  ShadowDomTest - Uploaded File : C:\fakepath\sample.txt
2026-06-10 15:19:00 INFO  ShadowDomTest - Youtube Link : Youtube
2026-06-10 15:19:00 INFO  ShadowDomTest - Shadow DOM Test Passed
2026-06-10 15:19:02 INFO  DropDownTest - Scrolling Dropdown Test Started
2026-06-10 15:19:02 INFO  TableTest - Verifying Dynamic Table Details
2026-06-10 15:19:02 INFO  TableTest - CPU load of Chrome process: 1.6%
2026-06-10 15:19:02 INFO  TableTest - Memory Size of Firefox process: 77.5 MB
2026-06-10 15:19:02 INFO  TableTest - Network speed of Chrome process: 4.0 Mbps
2026-06-10 15:19:02 INFO  TableTest - Disk space of Firefox process: 0.88 MB/s
2026-06-10 15:19:02 INFO  TableTest - Dynamic Table Assertion Passed
2026-06-10 15:19:02 INFO  TableTest - Dynamic Table Details Fetched
2026-06-10 15:19:04 INFO  DropDownTest - Selected Option: Item 59
2026-06-10 15:19:04 INFO  DropDownTest - Scrolling Dropdown Test Passed
2026-06-10 15:19:06 INFO  UploadTest - Single File Upload Started
2026-06-10 15:19:07 INFO  LabelLinkTest - Laptop Links Test Started
2026-06-10 15:19:07 INFO  LabelLinkTest - Laptop Link : Apple
2026-06-10 15:19:07 INFO  LabelLinkTest - Laptop Link : Lenovo
2026-06-10 15:19:07 INFO  LabelLinkTest - Laptop Link : Dell
2026-06-10 15:19:07 INFO  LabelLinkTest - Laptop Links Test Passed
2026-06-10 15:19:09 INFO  MouseHoverTest - Mouse Hover Test 2
2026-06-10 15:19:10 INFO  UploadTest - Upload Message : Single file selected: sample.txt, Size: 21 bytes, Type: text/plain
2026-06-10 15:19:10 INFO  UploadTest - Single File Upload Assertion Passed
2026-06-10 15:19:11 INFO  TableTest - Verifying Pagination Table Details
2026-06-10 15:19:12 INFO  TableTest - Selected Row Details: [8, Action Camera, $15.99, ]
2026-06-10 15:19:12 INFO  TableTest - Pagination Table Assertion Passed
2026-06-10 15:19:12 INFO  TableTest - Pagination Table Details Fetched
2026-06-10 15:19:12 INFO  MouseHoverTest - Mouse Hover and Laptops Click Successful
2026-06-10 15:19:16 INFO  LabelLinkTest - Broken Links Test Started
2026-06-10 15:19:17 INFO  SliderTest - Slider moved successfully
2026-06-10 15:19:20 INFO  UploadTest - Multiple File Upload Started
2026-06-10 15:19:20 INFO  UploadTest - Upload Message : Multiple files selected:
demo.txt, Size: 19 bytes, Type: text/plain
sample.txt, Size: 21 bytes, Type: text/plain
2026-06-10 15:19:20 INFO  UploadTest - Multiple File Upload Assertion 1 Passed
2026-06-10 15:19:20 INFO  UploadTest - Multiple File Upload Assertion 2 Passed
2026-06-10 15:19:20 INFO  UploadTest - Multiple File Upload Completed
2026-06-10 15:19:20 INFO  TabTest - Wiki Pedia Search Test
2026-06-10 15:19:22 INFO  LabelLinkTest - Errorcode 400 -> 400
2026-06-10 15:19:22 INFO  LabelLinkTest - Errorcode 401 -> 401
2026-06-10 15:19:22 INFO  LabelLinkTest - Errorcode 403 -> 403
2026-06-10 15:19:22 INFO  LabelLinkTest - Errorcode 404 -> 404
2026-06-10 15:19:22 INFO  LabelLinkTest - Errorcode 408 -> 408
2026-06-10 15:19:22 INFO  LabelLinkTest - Errorcode 500 -> 500
2026-06-10 15:19:22 INFO  LabelLinkTest - Errorcode 502 -> 502
2026-06-10 15:19:22 INFO  LabelLinkTest - Errorcode 503 -> 503
2026-06-10 15:19:22 INFO  LabelLinkTest - Broken Links Test Passed
2026-06-10 15:19:23 INFO  TabTest - Total Result Found: 5
2026-06-10 15:32:58 INFO  FormTest - Form Test Started
2026-06-10 15:32:58 INFO  FormTest - Section 1 Assertion Passed
2026-06-10 15:32:58 INFO  FormTest - Section 2 Assertion Passed
2026-06-10 15:32:58 INFO  FormTest - Section 3 Assertion Passed
2026-06-10 15:32:58 INFO  FormTest - Form Test Completed
2026-06-10 15:33:16 INFO  FormTest - Form Test Started
2026-06-10 15:33:16 INFO  FormTest - Section 1 Assertion Passed
2026-06-10 15:33:16 INFO  FormTest - Section 2 Assertion Passed
2026-06-10 15:33:16 INFO  FormTest - Section 3 Assertion Passed
2026-06-10 15:33:16 INFO  FormTest - Form Test Completed
2026-06-10 15:36:09 INFO  DownloadFilesTest - Download File Test Started
2026-06-10 15:36:10 INFO  DateTest - Date Picker 1 started
2026-06-10 15:36:10 INFO  DragDropTest - Drag and Drop Test Started
2026-06-10 15:36:10 INFO  DoubleClickTest - Double Click Test Started
2026-06-10 15:36:10 INFO  DoubleClickTest - Original Text : Hello World!
2026-06-10 15:36:10 INFO  DoubleClickTest - Copied Text   : Hello World!
2026-06-10 15:36:10 INFO  DoubleClickTest - Double Click Test Passed
2026-06-10 15:36:10 INFO  DragDropTest - Drag and Drop Test Passed
2026-06-10 15:36:10 INFO  DragDropTest - Drop Result: Dropped!
2026-06-10 15:36:10 INFO  AlertTest - Simple Alert Test Started
2026-06-10 15:36:11 INFO  AlertTest - Simple Alert Accepted Successfully
2026-06-10 15:36:13 INFO  DateTest - Date Picker 1 Assertion Passed
2026-06-10 15:36:21 INFO  DownloadFilesTest - Current URL : https://testautomationpractice.blogspot.com/p/download-files_25.html
2026-06-10 15:36:21 INFO  DownloadFilesTest - Download Files Test Passed
2026-06-10 15:36:26 INFO  FormTest - Form Test Started
2026-06-10 15:36:26 INFO  FormTest - Section 1 Assertion Passed
2026-06-10 15:36:26 INFO  FormTest - Section 2 Assertion Passed
2026-06-10 15:36:26 INFO  FormTest - Section 3 Assertion Passed
2026-06-10 15:36:26 INFO  FormTest - Form Test Completed
2026-06-10 15:36:27 INFO  AlertTest - Confirm Alert Accept Test Started
2026-06-10 15:36:27 INFO  SvgTest - Starting Svg Element Test
2026-06-10 15:36:27 INFO  AlertTest - Confirm Alert Result : You pressed OK!
2026-06-10 15:36:28 INFO  SvgTest - Red Circle Displayed : true
2026-06-10 15:36:28 INFO  SvgTest - Green Rectangle Displayed : true
2026-06-10 15:36:28 INFO  SvgTest - Blue Triangle Displayed : true
2026-06-10 15:36:28 INFO  SvgTest - Svg Element Test Completed
2026-06-10 15:36:29 INFO  DateTest - Date Picker 2 started
2026-06-10 15:36:30 INFO  ListTest - Single Color Test
2026-06-10 15:36:30 INFO  DateTest - Date Picker 2 Assertion Passed
2026-06-10 15:36:32 INFO  ListTest - Single Animal Test
2026-06-10 15:36:32 INFO  ListTest - Single color Assertion Passed
2026-06-10 15:36:32 INFO  ListTest - Single Animal Assertion Passed
2026-06-10 15:36:33 INFO  DynamicButtonTest - Dynamic Button Test Started
2026-06-10 15:36:33 INFO  DynamicButtonTest - Clicking START Button
2026-06-10 15:36:33 INFO  DynamicButtonTest - STOP Button Displayed
2026-06-10 15:36:35 INFO  DynamicButtonTest - Clicking STOP Button
2026-06-10 15:36:35 INFO  DynamicButtonTest - START Button Displayed Again
2026-06-10 15:36:35 INFO  DynamicButtonTest - Dynamic Button Test Passed
2026-06-10 15:36:36 INFO  AlertTest - Confirm Alert Dismiss Test Started
2026-06-10 15:36:37 INFO  AlertTest - Confirm Alert Result : You pressed Cancel!
2026-06-10 15:36:39 INFO  DateTest - Date Picker 3 started
2026-06-10 15:36:40 INFO  DateTest - Date Range Result :
You selected a range of 15 days.
2026-06-10 15:36:40 INFO  DateTest - Date Picker 3 Assertion Passed
2026-06-10 15:36:40 INFO  GUIFormTest - Form Test Started
2026-06-10 15:36:40 INFO  GUIFormTest - Entering Name
2026-06-10 15:36:40 INFO  GUIFormTest - Entering Email
2026-06-10 15:36:40 INFO  GUIFormTest - Entering Phone
2026-06-10 15:36:40 INFO  GUIFormTest - Entering Address
2026-06-10 15:36:40 INFO  GUIFormTest - Entering Gender
2026-06-10 15:36:40 INFO  GUIFormTest - Entering Days
2026-06-10 15:36:40 INFO  GUIFormTest - Entering Country
2026-06-10 15:36:40 INFO  GUIFormTest - Name Assertion Passed
2026-06-10 15:36:40 INFO  GUIFormTest - Email Assertion Passed
2026-06-10 15:36:41 INFO  GUIFormTest - Phone Assertion Passed
2026-06-10 15:36:41 INFO  GUIFormTest - Address Assertion Passed
2026-06-10 15:36:41 INFO  GUIFormTest - Country Assertion Passed
2026-06-10 15:36:41 INFO  GUIFormTest - Form Test Completed
2026-06-10 15:36:42 INFO  ListTest - Multiple Color Test
2026-06-10 15:36:44 INFO  HiddenAjaxTest - Hidden Ajax Test Started
2026-06-10 15:36:44 INFO  ListTest - Multiple Animal Test
2026-06-10 15:36:45 INFO  AlertTest - Prompt Alert Accept Test Started
2026-06-10 15:36:45 INFO  AlertTest - Prompt Alert Result : Hello David! How are you today?
2026-06-10 15:36:45 INFO  ListTest - Multiple color Assertion Passed
2026-06-10 15:36:45 INFO  ListTest - Multiple Animal Assertion Passed
2026-06-10 15:36:47 INFO  TableTest - Book Detail Fetch Start
2026-06-10 15:36:48 INFO  TableTest - Maximum Price Book Details:
 [Master In Selenium, Mukesh, Selenium, 3000]
2026-06-10 15:36:48 INFO  TableTest - Maximum Price Book Assertion Passed
2026-06-10 15:36:48 INFO  TableTest - Book Details Fetched Successfully
2026-06-10 15:36:50 INFO  GUIFormTest - Form Test Started
2026-06-10 15:36:50 INFO  GUIFormTest - Entering Name
2026-06-10 15:36:50 INFO  GUIFormTest - Entering Email
2026-06-10 15:36:50 INFO  GUIFormTest - Entering Phone
2026-06-10 15:36:51 INFO  GUIFormTest - Entering Address
2026-06-10 15:36:51 INFO  GUIFormTest - Entering Gender
2026-06-10 15:36:51 INFO  GUIFormTest - Entering Days
2026-06-10 15:36:51 INFO  GUIFormTest - Entering Country
2026-06-10 15:36:51 INFO  GUIFormTest - Name Assertion Passed
2026-06-10 15:36:51 INFO  HiddenAjaxTest - Ajax Status Assertion Passed
2026-06-10 15:36:51 INFO  HiddenAjaxTest - Hidden Ajax Test Completed
2026-06-10 15:36:51 INFO  GUIFormTest - Email Assertion Passed
2026-06-10 15:36:51 INFO  GUIFormTest - Phone Assertion Passed
2026-06-10 15:36:51 INFO  GUIFormTest - Address Assertion Passed
2026-06-10 15:36:51 INFO  GUIFormTest - Country Assertion Passed
2026-06-10 15:36:51 INFO  GUIFormTest - Form Test Completed
2026-06-10 15:36:55 INFO  AlertTest - Prompt Alert Dismiss Test Started
2026-06-10 15:36:55 INFO  AlertTest - Prompt Alert Result : User cancelled the prompt.
2026-06-10 15:37:14 INFO  LabelLinkTest - Mobile Labels Test Started
2026-06-10 15:37:14 INFO  LabelLinkTest - Mobile Label : Samsung
2026-06-10 15:37:14 INFO  LabelLinkTest - Mobile Label : Real Me
2026-06-10 15:37:14 INFO  LabelLinkTest - Mobile Label : Moto
2026-06-10 15:37:14 INFO  LabelLinkTest - Mobile Labels Test Passed
2026-06-10 15:37:19 INFO  TableTest - Verifying Dynamic Table Details
2026-06-10 15:37:19 INFO  TableTest - CPU load of Chrome process: 2.3%
2026-06-10 15:37:19 INFO  TableTest - Memory Size of Firefox process: 53.0 MB
2026-06-10 15:37:19 INFO  TableTest - Network speed of Chrome process: 0.4 Mbps
2026-06-10 15:37:19 INFO  TableTest - Disk space of Firefox process: 0.79 MB/s
2026-06-10 15:37:19 INFO  TableTest - Dynamic Table Assertion Passed
2026-06-10 15:37:19 INFO  TableTest - Dynamic Table Details Fetched
2026-06-10 15:37:41 INFO  DropDownTest - Scrolling Dropdown Test Started
2026-06-10 15:37:42 INFO  DropDownTest - Selected Option: Item 59
2026-06-10 15:37:42 INFO  DropDownTest - Scrolling Dropdown Test Passed
2026-06-10 15:37:42 INFO  MouseHoverTest - Mouse Hover Test 1
2026-06-10 15:37:43 INFO  ShadowDomTest - Shadow DOM Test Started
2026-06-10 15:37:43 INFO  ShadowDomTest - Mobile Label : Mobiles
2026-06-10 15:37:43 INFO  ShadowDomTest - Laptop Label : Laptops
2026-06-10 15:37:43 INFO  ShadowDomTest - Blog Link : Blog
2026-06-10 15:37:43 INFO  ShadowDomTest - Entered Text : Shadow DOM Testing
2026-06-10 15:37:43 INFO  ShadowDomTest - CheckBox Selected : true
2026-06-10 15:37:43 INFO  ShadowDomTest - Uploaded File : C:\fakepath\sample.txt
2026-06-10 15:37:43 INFO  ShadowDomTest - Youtube Link : Youtube
2026-06-10 15:37:43 INFO  ShadowDomTest - Shadow DOM Test Passed
2026-06-10 15:37:44 INFO  LabelLinkTest - Laptop Links Test Started
2026-06-10 15:37:44 INFO  MouseHoverTest - Mouse Hover and Mobiles Click Successful
2026-06-10 15:37:44 INFO  LabelLinkTest - Laptop Link : Apple
2026-06-10 15:37:44 INFO  LabelLinkTest - Laptop Link : Lenovo
2026-06-10 15:37:44 INFO  LabelLinkTest - Laptop Link : Dell
2026-06-10 15:37:44 INFO  LabelLinkTest - Laptop Links Test Passed
2026-06-10 15:37:51 INFO  UploadTest - Single File Upload Started
2026-06-10 15:37:51 INFO  UploadTest - Upload Message : Single file selected: sample.txt, Size: 21 bytes, Type: text/plain
2026-06-10 15:37:51 INFO  UploadTest - Single File Upload Assertion Passed
2026-06-10 15:37:53 INFO  LabelLinkTest - Broken Links Test Started
2026-06-10 15:37:53 INFO  MouseHoverTest - Mouse Hover Test 2
2026-06-10 15:37:54 INFO  TableTest - Verifying Pagination Table Details
2026-06-10 15:37:54 INFO  TableTest - Selected Row Details: [8, Action Camera, $15.99, ]
2026-06-10 15:37:54 INFO  TableTest - Pagination Table Assertion Passed
2026-06-10 15:37:54 INFO  TableTest - Pagination Table Details Fetched
2026-06-10 15:37:55 INFO  MouseHoverTest - Mouse Hover and Laptops Click Successful
2026-06-10 15:37:57 INFO  UploadTest - Multiple File Upload Started
2026-06-10 15:37:57 INFO  UploadTest - Upload Message : Multiple files selected:
demo.txt, Size: 19 bytes, Type: text/plain
sample.txt, Size: 21 bytes, Type: text/plain
2026-06-10 15:37:57 INFO  UploadTest - Multiple File Upload Assertion 1 Passed
2026-06-10 15:37:57 INFO  UploadTest - Multiple File Upload Assertion 2 Passed
2026-06-10 15:37:57 INFO  UploadTest - Multiple File Upload Completed
2026-06-10 15:38:01 INFO  LabelLinkTest - Errorcode 400 -> 400
2026-06-10 15:38:01 INFO  LabelLinkTest - Errorcode 401 -> 401
2026-06-10 15:38:01 INFO  LabelLinkTest - Errorcode 403 -> 403
2026-06-10 15:38:01 INFO  LabelLinkTest - Errorcode 404 -> 404
2026-06-10 15:38:01 INFO  LabelLinkTest - Errorcode 408 -> 408
2026-06-10 15:38:01 INFO  LabelLinkTest - Errorcode 500 -> 500
2026-06-10 15:38:01 INFO  LabelLinkTest - Errorcode 502 -> 502
2026-06-10 15:38:01 INFO  LabelLinkTest - Errorcode 503 -> 503
2026-06-10 15:38:01 INFO  LabelLinkTest - Broken Links Test Passed
2026-06-10 15:38:02 INFO  TabTest - Wiki Pedia Search Test
2026-06-10 15:38:05 INFO  TabTest - Total Result Found: 5
2026-06-10 15:45:40 INFO  SliderTest - Slider moved successfully
2026-06-10 15:51:11 INFO  SliderTest - Slider moved successfully
2026-06-10 15:53:57 INFO  SliderTest - Slider moved successfully
2026-06-10 15:55:51 INFO  SliderTest - Slider moved successfully
2026-06-10 15:56:30 INFO  AlertTest - Simple Alert Test Started
2026-06-10 15:56:30 INFO  DateTest - Date Picker 1 started
2026-06-10 15:56:36 INFO  DownloadFilesTest - Download File Test Started
2026-06-10 15:56:36 INFO  AlertTest - Simple Alert Accepted Successfully
2026-06-10 15:56:36 INFO  DoubleClickTest - Double Click Test Started
2026-06-10 15:56:37 INFO  DoubleClickTest - Original Text : Hello World!
2026-06-10 15:56:37 INFO  DoubleClickTest - Copied Text   : Hello World!
2026-06-10 15:56:37 INFO  DoubleClickTest - Double Click Test Passed
2026-06-10 15:56:37 INFO  DragDropTest - Drag and Drop Test Started
2026-06-10 15:56:38 INFO  DragDropTest - Drag and Drop Test Passed
2026-06-10 15:56:38 INFO  DragDropTest - Drop Result: Dropped!
2026-06-10 15:56:41 INFO  FormTest - Form Test Started
2026-06-10 15:56:43 INFO  DateTest - Date Picker 1 Assertion Passed
2026-06-10 15:56:46 INFO  AlertTest - Confirm Alert Accept Test Started
2026-06-10 15:56:46 INFO  AlertTest - Confirm Alert Result : You pressed OK!
2026-06-10 15:56:46 INFO  FormTest - Section 1 Assertion Passed
2026-06-10 15:56:46 INFO  FormTest - Section 2 Assertion Passed
2026-06-10 15:56:46 INFO  FormTest - Section 3 Assertion Passed
2026-06-10 15:56:46 INFO  FormTest - Form Test Completed
2026-06-10 15:56:50 INFO  DownloadFilesTest - Current URL : https://testautomationpractice.blogspot.com/p/download-files_25.html
2026-06-10 15:56:50 INFO  DownloadFilesTest - Download Files Test Passed
2026-06-10 15:56:52 INFO  DateTest - Date Picker 2 started
2026-06-10 15:56:53 INFO  SvgTest - Starting Svg Element Test
2026-06-10 15:56:53 INFO  DateTest - Date Picker 2 Assertion Passed
2026-06-10 15:56:54 INFO  SvgTest - Red Circle Displayed : true
2026-06-10 15:56:54 INFO  SvgTest - Green Rectangle Displayed : true
2026-06-10 15:56:54 INFO  SvgTest - Blue Triangle Displayed : true
2026-06-10 15:56:54 INFO  SvgTest - Svg Element Test Completed
2026-06-10 15:56:55 INFO  ListTest - Single Color Test
2026-06-10 15:56:55 INFO  AlertTest - Confirm Alert Dismiss Test Started
2026-06-10 15:56:55 INFO  AlertTest - Confirm Alert Result : You pressed Cancel!
2026-06-10 15:56:57 INFO  ListTest - Single Animal Test
2026-06-10 15:56:57 INFO  ListTest - Single color Assertion Passed
2026-06-10 15:56:58 INFO  ListTest - Single Animal Assertion Passed
2026-06-10 15:56:59 INFO  DynamicButtonTest - Dynamic Button Test Started
2026-06-10 15:56:59 INFO  DynamicButtonTest - Clicking START Button
2026-06-10 15:56:59 INFO  DynamicButtonTest - STOP Button Displayed
2026-06-10 15:57:00 INFO  DateTest - Date Picker 3 started
2026-06-10 15:57:01 INFO  DateTest - Date Range Result :
You selected a range of 15 days.
2026-06-10 15:57:01 INFO  DateTest - Date Picker 3 Assertion Passed
2026-06-10 15:57:01 INFO  DynamicButtonTest - Clicking STOP Button
2026-06-10 15:57:01 INFO  DynamicButtonTest - START Button Displayed Again
2026-06-10 15:57:01 INFO  DynamicButtonTest - Dynamic Button Test Passed
2026-06-10 15:57:02 INFO  AlertTest - Prompt Alert Accept Test Started
2026-06-10 15:57:03 INFO  AlertTest - Prompt Alert Result : Hello David! How are you today?
2026-06-10 15:57:03 INFO  GUIFormTest - Form Test Started
2026-06-10 15:57:03 INFO  GUIFormTest - Entering Name
2026-06-10 15:57:04 INFO  GUIFormTest - Entering Email
2026-06-10 15:57:04 INFO  GUIFormTest - Entering Phone
2026-06-10 15:57:04 INFO  GUIFormTest - Entering Address
2026-06-10 15:57:04 INFO  GUIFormTest - Entering Gender
2026-06-10 15:57:04 INFO  ListTest - Multiple Color Test
2026-06-10 15:57:04 INFO  GUIFormTest - Entering Days
2026-06-10 15:57:05 INFO  GUIFormTest - Entering Country
2026-06-10 15:57:05 INFO  GUIFormTest - Name Assertion Passed
2026-06-10 15:57:05 INFO  GUIFormTest - Email Assertion Passed
2026-06-10 15:57:05 INFO  GUIFormTest - Phone Assertion Passed
2026-06-10 15:57:05 INFO  GUIFormTest - Address Assertion Passed
2026-06-10 15:57:05 INFO  GUIFormTest - Country Assertion Passed
2026-06-10 15:57:05 INFO  GUIFormTest - Form Test Completed
2026-06-10 15:57:07 INFO  ListTest - Multiple Animal Test
2026-06-10 15:57:10 INFO  TableTest - Book Detail Fetch Start
2026-06-10 15:57:10 INFO  TableTest - Maximum Price Book Details:
 [Master In Selenium, Mukesh, Selenium, 3000]
2026-06-10 15:57:10 INFO  TableTest - Maximum Price Book Assertion Passed
2026-06-10 15:57:10 INFO  TableTest - Book Details Fetched Successfully
2026-06-10 15:57:10 INFO  HiddenAjaxTest - Hidden Ajax Test Started
2026-06-10 15:57:13 INFO  AlertTest - Prompt Alert Dismiss Test Started
2026-06-10 15:57:14 INFO  AlertTest - Prompt Alert Result : User cancelled the prompt.
2026-06-10 15:57:14 INFO  GUIFormTest - Form Test Started
2026-06-10 15:57:14 INFO  GUIFormTest - Entering Name
2026-06-10 15:57:14 INFO  GUIFormTest - Entering Email
2026-06-10 15:57:14 INFO  GUIFormTest - Entering Phone
2026-06-10 15:57:14 INFO  GUIFormTest - Entering Address
2026-06-10 15:57:14 INFO  GUIFormTest - Entering Gender
2026-06-10 15:57:14 INFO  GUIFormTest - Entering Days
2026-06-10 15:57:15 INFO  LabelLinkTest - Mobile Labels Test Started
2026-06-10 15:57:15 INFO  GUIFormTest - Entering Country
2026-06-10 15:57:15 INFO  LabelLinkTest - Mobile Label : Samsung
2026-06-10 15:57:15 INFO  LabelLinkTest - Mobile Label : Real Me
2026-06-10 15:57:15 INFO  LabelLinkTest - Mobile Label : Moto
2026-06-10 15:57:15 INFO  LabelLinkTest - Mobile Labels Test Passed
2026-06-10 15:57:15 INFO  GUIFormTest - Name Assertion Passed
2026-06-10 15:57:15 INFO  GUIFormTest - Email Assertion Passed
2026-06-10 15:57:15 INFO  GUIFormTest - Phone Assertion Passed
2026-06-10 15:57:15 INFO  GUIFormTest - Address Assertion Passed
2026-06-10 15:57:15 INFO  GUIFormTest - Country Assertion Passed
2026-06-10 15:57:15 INFO  GUIFormTest - Form Test Completed
2026-06-10 15:57:16 INFO  TableTest - Verifying Dynamic Table Details
2026-06-10 15:57:16 INFO  TableTest - CPU load of Chrome process: 9.1%
2026-06-10 15:57:16 INFO  TableTest - Memory Size of Firefox process: 36.6 MB
2026-06-10 15:57:16 INFO  TableTest - Network speed of Chrome process: 6.3 Mbps
2026-06-10 15:57:16 INFO  TableTest - Disk space of Firefox process: 0.77 MB/s
2026-06-10 15:57:16 INFO  TableTest - Dynamic Table Assertion Passed
2026-06-10 15:57:16 INFO  TableTest - Dynamic Table Details Fetched
2026-06-10 15:57:18 INFO  HiddenAjaxTest - Ajax Status Assertion Passed
2026-06-10 15:57:18 INFO  HiddenAjaxTest - Hidden Ajax Test Completed
2026-06-10 15:57:18 INFO  LabelLinkTest - Laptop Links Test Started
2026-06-10 15:57:22 INFO  MouseHoverTest - Mouse Hover Test 1
2026-06-10 15:57:22 INFO  LabelLinkTest - Laptop Link : Apple
2026-06-10 15:57:22 INFO  LabelLinkTest - Laptop Link : Lenovo
2026-06-10 15:57:22 INFO  LabelLinkTest - Laptop Link : Dell
2026-06-10 15:57:22 INFO  LabelLinkTest - Laptop Links Test Passed
2026-06-10 15:57:23 INFO  MouseHoverTest - Mouse Hover and Mobiles Click Successful
2026-06-10 15:57:24 INFO  DropDownTest - Scrolling Dropdown Test Started
2026-06-10 15:57:25 INFO  TableTest - Verifying Pagination Table Details
2026-06-10 15:57:25 INFO  ShadowDomTest - Shadow DOM Test Started
2026-06-10 15:57:25 INFO  ShadowDomTest - Mobile Label : Mobiles
2026-06-10 15:57:25 INFO  ShadowDomTest - Laptop Label : Laptops
2026-06-10 15:57:25 INFO  ShadowDomTest - Blog Link : Blog
2026-06-10 15:57:25 INFO  TableTest - Selected Row Details: [8, Action Camera, $15.99, ]
2026-06-10 15:57:25 INFO  TableTest - Pagination Table Assertion Passed
2026-06-10 15:57:25 INFO  TableTest - Pagination Table Details Fetched
2026-06-10 15:57:26 INFO  ShadowDomTest - Entered Text : Shadow DOM Testing
2026-06-10 15:57:26 INFO  ShadowDomTest - CheckBox Selected : true
2026-06-10 15:57:26 INFO  DropDownTest - Selected Option: Item 59
2026-06-10 15:57:26 INFO  DropDownTest - Scrolling Dropdown Test Passed
2026-06-10 15:57:26 INFO  ShadowDomTest - Uploaded File : C:\fakepath\sample.txt
2026-06-10 15:57:26 INFO  ShadowDomTest - Youtube Link : Youtube
2026-06-10 15:57:26 INFO  ShadowDomTest - Shadow DOM Test Passed
2026-06-10 15:57:29 INFO  LabelLinkTest - Broken Links Test Started
2026-06-10 15:57:32 INFO  MouseHoverTest - Mouse Hover Test 2
2026-06-10 15:57:33 INFO  UploadTest - Single File Upload Started
2026-06-10 15:57:33 INFO  UploadTest - Upload Message : Single file selected: sample.txt, Size: 21 bytes, Type: text/plain
2026-06-10 15:57:33 INFO  UploadTest - Single File Upload Assertion Passed
2026-06-10 15:57:33 INFO  MouseHoverTest - Mouse Hover and Laptops Click Successful
2026-06-10 15:57:34 INFO  TabTest - Wiki Pedia Search Test
2026-06-10 15:57:35 INFO  LabelLinkTest - Errorcode 400 -> 400
2026-06-10 15:57:35 INFO  LabelLinkTest - Errorcode 401 -> 401
2026-06-10 15:57:35 INFO  LabelLinkTest - Errorcode 403 -> 403
2026-06-10 15:57:35 INFO  LabelLinkTest - Errorcode 404 -> 404
2026-06-10 15:57:35 INFO  LabelLinkTest - Errorcode 408 -> 408
2026-06-10 15:57:35 INFO  LabelLinkTest - Errorcode 500 -> 500
2026-06-10 15:57:35 INFO  LabelLinkTest - Errorcode 502 -> 502
2026-06-10 15:57:35 INFO  LabelLinkTest - Errorcode 503 -> 503
2026-06-10 15:57:35 INFO  LabelLinkTest - Broken Links Test Passed
2026-06-10 15:57:37 INFO  SliderTest - Slider moved successfully
2026-06-10 15:57:37 INFO  TabTest - Total Result Found: 5
2026-06-10 15:57:39 INFO  UploadTest - Multiple File Upload Started
2026-06-10 15:57:39 INFO  UploadTest - Upload Message : Multiple files selected:
demo.txt, Size: 19 bytes, Type: text/plain
sample.txt, Size: 21 bytes, Type: text/plain
2026-06-10 15:57:39 INFO  UploadTest - Multiple File Upload Assertion 1 Passed
2026-06-10 15:57:39 INFO  UploadTest - Multiple File Upload Assertion 2 Passed
2026-06-10 15:57:39 INFO  UploadTest - Multiple File Upload Completed
2026-06-10 15:59:27 INFO  ListTest - Single Color Test
2026-06-10 15:59:30 INFO  ListTest - Single Animal Test
2026-06-10 15:59:30 INFO  ListTest - Single color Assertion Passed
2026-06-10 15:59:30 INFO  ListTest - Single Animal Assertion Passed
2026-06-10 15:59:38 INFO  ListTest - Multiple Color Test
2026-06-10 15:59:40 INFO  ListTest - Multiple Animal Test
2026-06-10 16:01:51 INFO  ListTest - Multiple Color Test
2026-06-10 16:01:54 INFO  ListTest - Multiple Animal Test
2026-06-10 16:03:43 INFO  ListTest - Multiple Color Test
2026-06-10 16:03:45 INFO  ListTest - Multiple Animal Test
2026-06-10 16:04:26 INFO  ListTest - Multiple Color Test
2026-06-10 16:04:29 INFO  ListTest - Multiple Animal Test
2026-06-10 16:04:29 INFO  ListTest - Multiple color Assertion Passed
2026-06-10 16:04:30 INFO  ListTest - Multiple Animal Assertion Passed
2026-06-10 16:05:02 INFO  ListTest - Multiple Color Test
2026-06-10 16:05:05 INFO  ListTest - Multiple Animal Test
2026-06-10 16:05:06 INFO  ListTest - Multiple color Assertion Passed
2026-06-10 16:05:06 INFO  ListTest - Multiple Animal Assertion Passed
2026-06-10 16:05:47 INFO  ListTest - Multiple Color Test
2026-06-10 16:05:49 INFO  ListTest - Multiple Animal Test
2026-06-10 16:05:50 INFO  ListTest - Multiple color Assertion Passed
2026-06-10 16:05:50 INFO  ListTest - Multiple Animal Assertion Passed
2026-06-10 16:07:49 INFO  ListTest - Multiple Color Test
2026-06-10 16:07:56 INFO  ListTest - Multiple Animal Test
2026-06-10 16:08:16 INFO  ListTest - Multiple Color Test
2026-06-10 16:08:19 INFO  ListTest - Multiple Animal Test
2026-06-10 16:08:20 INFO  ListTest - Selected Colors : [Red, Blue, Yellow, Green]
2026-06-10 16:08:20 INFO  ListTest - Selected Animals : [Lion, Rabbit, Dog]
2026-06-10 16:09:22 INFO  ListTest - Multiple Color Test
2026-06-10 16:09:25 INFO  ListTest - Multiple Animal Test
2026-06-10 16:09:26 INFO  ListTest - Selected Colors : [Red, Blue, Green]
2026-06-10 16:09:26 INFO  ListTest - Selected Animals : [Lion, Rabbit, Dog]
2026-06-10 16:09:26 INFO  ListTest - Multiple color Assertion Passed
2026-06-10 16:09:26 INFO  ListTest - Multiple Animal Assertion Passed
2026-06-10 16:09:39 INFO  ListTest - Multiple Color Test
2026-06-10 16:09:41 INFO  ListTest - Multiple Animal Test
2026-06-10 16:09:42 INFO  ListTest - Selected Colors : [Red, Blue, Green]
2026-06-10 16:09:42 INFO  ListTest - Selected Animals : [Lion, Rabbit, Dog]
2026-06-10 16:09:42 INFO  ListTest - Multiple color Assertion Passed
2026-06-10 16:09:42 INFO  ListTest - Multiple Animal Assertion Passed
2026-06-10 16:10:32 INFO  DownloadFilesTest - Download File Test Started
2026-06-10 16:10:32 INFO  DragDropTest - Drag and Drop Test Started
2026-06-10 16:10:32 INFO  DateTest - Date Picker 1 started
2026-06-10 16:10:32 INFO  DragDropTest - Drag and Drop Test Passed
2026-06-10 16:10:32 INFO  DragDropTest - Drop Result: Dropped!
2026-06-10 16:10:32 INFO  DoubleClickTest - Double Click Test Started
2026-06-10 16:10:33 INFO  DoubleClickTest - Original Text : Hello World!
2026-06-10 16:10:33 INFO  DoubleClickTest - Copied Text   : Hello World!
2026-06-10 16:10:33 INFO  DoubleClickTest - Double Click Test Passed
2026-06-10 16:10:33 INFO  AlertTest - Simple Alert Test Started
2026-06-10 16:10:33 INFO  AlertTest - Simple Alert Accepted Successfully
2026-06-10 16:10:36 INFO  DateTest - Date Picker 1 Assertion Passed
2026-06-10 16:10:39 INFO  FormTest - Form Test Started
2026-06-10 16:10:39 INFO  FormTest - Section 1 Assertion Passed
2026-06-10 16:10:39 INFO  FormTest - Section 2 Assertion Passed
2026-06-10 16:10:39 INFO  FormTest - Section 3 Assertion Passed
2026-06-10 16:10:39 INFO  FormTest - Form Test Completed
2026-06-10 16:10:41 INFO  SvgTest - Starting Svg Element Test
2026-06-10 16:10:41 INFO  AlertTest - Confirm Alert Accept Test Started
2026-06-10 16:10:41 INFO  AlertTest - Confirm Alert Result : You pressed OK!
2026-06-10 16:10:42 INFO  SvgTest - Red Circle Displayed : true
2026-06-10 16:10:42 INFO  SvgTest - Green Rectangle Displayed : true
2026-06-10 16:10:42 INFO  SvgTest - Blue Triangle Displayed : true
2026-06-10 16:10:42 INFO  SvgTest - Svg Element Test Completed
2026-06-10 16:10:45 INFO  DownloadFilesTest - Current URL : https://testautomationpractice.blogspot.com/p/download-files_25.html
2026-06-10 16:10:45 INFO  DownloadFilesTest - Download Files Test Passed
2026-06-10 16:10:45 INFO  DateTest - Date Picker 2 started
2026-06-10 16:10:46 INFO  DateTest - Date Picker 2 Assertion Passed
2026-06-10 16:10:47 INFO  ListTest - Single Color Test
2026-06-10 16:10:50 INFO  ListTest - Single Animal Test
2026-06-10 16:10:50 INFO  DynamicButtonTest - Dynamic Button Test Started
2026-06-10 16:10:50 INFO  DynamicButtonTest - Clicking START Button
2026-06-10 16:10:50 INFO  DynamicButtonTest - STOP Button Displayed
2026-06-10 16:10:50 INFO  ListTest - Single color Assertion Passed
2026-06-10 16:10:50 INFO  ListTest - Single Animal Assertion Passed
2026-06-10 16:10:51 INFO  AlertTest - Confirm Alert Dismiss Test Started
2026-06-10 16:10:51 INFO  AlertTest - Confirm Alert Result : You pressed Cancel!
2026-06-10 16:10:52 INFO  DynamicButtonTest - Clicking STOP Button
2026-06-10 16:10:52 INFO  DynamicButtonTest - START Button Displayed Again
2026-06-10 16:10:52 INFO  DynamicButtonTest - Dynamic Button Test Passed
2026-06-10 16:10:53 INFO  DateTest - Date Picker 3 started
2026-06-10 16:10:53 INFO  DateTest - Date Range Result :
You selected a range of 15 days.
2026-06-10 16:10:53 INFO  DateTest - Date Picker 3 Assertion Passed
2026-06-10 16:10:54 INFO  GUIFormTest - Form Test Started
2026-06-10 16:10:54 INFO  GUIFormTest - Entering Name
2026-06-10 16:10:55 INFO  GUIFormTest - Entering Email
2026-06-10 16:10:55 INFO  GUIFormTest - Entering Phone
2026-06-10 16:10:55 INFO  GUIFormTest - Entering Address
2026-06-10 16:10:55 INFO  GUIFormTest - Entering Gender
2026-06-10 16:10:55 INFO  GUIFormTest - Entering Days
2026-06-10 16:10:55 INFO  GUIFormTest - Entering Country
2026-06-10 16:10:55 INFO  GUIFormTest - Name Assertion Passed
2026-06-10 16:10:55 INFO  GUIFormTest - Email Assertion Passed
2026-06-10 16:10:55 INFO  GUIFormTest - Phone Assertion Passed
2026-06-10 16:10:55 INFO  GUIFormTest - Address Assertion Passed
2026-06-10 16:10:56 INFO  GUIFormTest - Country Assertion Passed
2026-06-10 16:10:56 INFO  GUIFormTest - Form Test Completed
2026-06-10 16:10:58 INFO  AlertTest - Prompt Alert Accept Test Started
2026-06-10 16:10:58 INFO  AlertTest - Prompt Alert Result : Hello David! How are you today?
2026-06-10 16:10:58 INFO  HiddenAjaxTest - Hidden Ajax Test Started
2026-06-10 16:10:58 INFO  ListTest - Multiple Color Test
2026-06-10 16:11:02 INFO  ListTest - Multiple Animal Test
2026-06-10 16:11:02 INFO  TableTest - Book Detail Fetch Start
2026-06-10 16:11:02 INFO  TableTest - Maximum Price Book Details:
 [Master In Selenium, Mukesh, Selenium, 3000]
2026-06-10 16:11:02 INFO  TableTest - Maximum Price Book Assertion Passed
2026-06-10 16:11:02 INFO  TableTest - Book Details Fetched Successfully
2026-06-10 16:11:03 INFO  ListTest - Multiple color Assertion Passed
2026-06-10 16:11:03 INFO  AlertTest - Prompt Alert Dismiss Test Started
2026-06-10 16:11:03 INFO  ListTest - Multiple Animal Assertion Passed
2026-06-10 16:11:04 INFO  GUIFormTest - Form Test Started
2026-06-10 16:11:04 INFO  GUIFormTest - Entering Name
2026-06-10 16:11:05 INFO  GUIFormTest - Entering Email
2026-06-10 16:11:05 INFO  GUIFormTest - Entering Phone
2026-06-10 16:11:05 INFO  GUIFormTest - Entering Address
2026-06-10 16:11:05 INFO  GUIFormTest - Entering Gender
2026-06-10 16:11:05 INFO  GUIFormTest - Entering Days
2026-06-10 16:11:05 INFO  GUIFormTest - Entering Country
2026-06-10 16:11:05 INFO  GUIFormTest - Name Assertion Passed
2026-06-10 16:11:05 INFO  GUIFormTest - Email Assertion Passed
2026-06-10 16:11:05 INFO  GUIFormTest - Phone Assertion Passed
2026-06-10 16:11:05 INFO  GUIFormTest - Address Assertion Passed
2026-06-10 16:11:06 INFO  GUIFormTest - Country Assertion Passed
2026-06-10 16:11:06 INFO  GUIFormTest - Form Test Completed
2026-06-10 16:11:08 INFO  AlertTest - Prompt Alert Result : User cancelled the prompt.
2026-06-10 16:11:10 INFO  HiddenAjaxTest - Ajax Status Assertion Passed
2026-06-10 16:11:10 INFO  HiddenAjaxTest - Hidden Ajax Test Completed
2026-06-10 16:11:10 INFO  TableTest - Verifying Dynamic Table Details
2026-06-10 16:11:10 INFO  TableTest - CPU load of Chrome process: 8.9%
2026-06-10 16:11:10 INFO  TableTest - Memory Size of Firefox process: 78.1 MB
2026-06-10 16:11:10 INFO  TableTest - Network speed of Chrome process: 0.3 Mbps
2026-06-10 16:11:10 INFO  TableTest - Disk space of Firefox process: 0.71 MB/s
2026-06-10 16:11:10 INFO  TableTest - Dynamic Table Assertion Passed
2026-06-10 16:11:10 INFO  TableTest - Dynamic Table Details Fetched
2026-06-10 16:11:11 INFO  LabelLinkTest - Mobile Labels Test Started
2026-06-10 16:11:12 INFO  LabelLinkTest - Mobile Label : Samsung
2026-06-10 16:11:12 INFO  LabelLinkTest - Mobile Label : Real Me
2026-06-10 16:11:12 INFO  LabelLinkTest - Mobile Label : Moto
2026-06-10 16:11:12 INFO  LabelLinkTest - Mobile Labels Test Passed
2026-06-10 16:11:15 INFO  MouseHoverTest - Mouse Hover Test 1
2026-06-10 16:11:16 INFO  MouseHoverTest - Mouse Hover and Mobiles Click Successful
2026-06-10 16:11:17 INFO  DropDownTest - Scrolling Dropdown Test Started
2026-06-10 16:11:17 INFO  ShadowDomTest - Shadow DOM Test Started
2026-06-10 16:11:17 INFO  ShadowDomTest - Mobile Label : Mobiles
2026-06-10 16:11:17 INFO  ShadowDomTest - Laptop Label : Laptops
2026-06-10 16:11:17 INFO  ShadowDomTest - Blog Link : Blog
2026-06-10 16:11:18 INFO  ShadowDomTest - Entered Text : Shadow DOM Testing
2026-06-10 16:11:18 INFO  ShadowDomTest - CheckBox Selected : true
2026-06-10 16:11:18 INFO  ShadowDomTest - Uploaded File : C:\fakepath\sample.txt
2026-06-10 16:11:18 INFO  ShadowDomTest - Youtube Link : Youtube
2026-06-10 16:11:18 INFO  ShadowDomTest - Shadow DOM Test Passed
2026-06-10 16:11:18 INFO  DropDownTest - Selected Option: Item 59
2026-06-10 16:11:18 INFO  DropDownTest - Scrolling Dropdown Test Passed
2026-06-10 16:11:18 INFO  TableTest - Verifying Pagination Table Details
2026-06-10 16:11:19 INFO  TableTest - Selected Row Details: [8, Action Camera, $15.99, ]
2026-06-10 16:11:19 INFO  TableTest - Pagination Table Assertion Passed
2026-06-10 16:11:19 INFO  TableTest - Pagination Table Details Fetched
2026-06-10 16:11:20 INFO  LabelLinkTest - Laptop Links Test Started
2026-06-10 16:11:20 INFO  LabelLinkTest - Laptop Link : Apple
2026-06-10 16:11:20 INFO  LabelLinkTest - Laptop Link : Lenovo
2026-06-10 16:11:20 INFO  LabelLinkTest - Laptop Link : Dell
2026-06-10 16:11:20 INFO  LabelLinkTest - Laptop Links Test Passed
2026-06-10 16:11:22 INFO  MouseHoverTest - Mouse Hover Test 2
2026-06-10 16:11:24 INFO  MouseHoverTest - Mouse Hover and Laptops Click Successful
2026-06-10 16:11:25 INFO  UploadTest - Single File Upload Started
2026-06-10 16:11:25 INFO  UploadTest - Upload Message : Single file selected: sample.txt, Size: 21 bytes, Type: text/plain
2026-06-10 16:11:25 INFO  UploadTest - Single File Upload Assertion Passed
2026-06-10 16:11:26 INFO  TabTest - Wiki Pedia Search Test
2026-06-10 16:11:28 INFO  SliderTest - Slider moved successfully
2026-06-10 16:11:29 INFO  LabelLinkTest - Broken Links Test Started
2026-06-10 16:11:29 INFO  TabTest - Total Result Found: 5
2026-06-10 16:11:31 INFO  UploadTest - Multiple File Upload Started
2026-06-10 16:11:32 INFO  UploadTest - Upload Message : Multiple files selected:
demo.txt, Size: 19 bytes, Type: text/plain
sample.txt, Size: 21 bytes, Type: text/plain
2026-06-10 16:11:32 INFO  UploadTest - Multiple File Upload Assertion 1 Passed
2026-06-10 16:11:32 INFO  UploadTest - Multiple File Upload Assertion 2 Passed
2026-06-10 16:11:32 INFO  UploadTest - Multiple File Upload Completed
2026-06-10 16:11:36 INFO  LabelLinkTest - Errorcode 400 -> 400
2026-06-10 16:11:36 INFO  LabelLinkTest - Errorcode 401 -> 401
2026-06-10 16:11:36 INFO  LabelLinkTest - Errorcode 403 -> 403
2026-06-10 16:11:36 INFO  LabelLinkTest - Errorcode 404 -> 404
2026-06-10 16:11:36 INFO  LabelLinkTest - Errorcode 408 -> 408
2026-06-10 16:11:36 INFO  LabelLinkTest - Errorcode 500 -> 500
2026-06-10 16:11:36 INFO  LabelLinkTest - Errorcode 502 -> 502
2026-06-10 16:11:36 INFO  LabelLinkTest - Errorcode 503 -> 503
2026-06-10 16:11:36 INFO  LabelLinkTest - Broken Links Test Passed
2026-06-10 16:27:34 INFO  DateTest - Date Picker 1 started
2026-06-10 16:27:34 INFO  DragDropTest - Drag and Drop Test Started
2026-06-10 16:27:40 INFO  AlertTest - Simple Alert Test Started
2026-06-10 16:27:40 INFO  DownloadFilesTest - Download File Test Started
2026-06-10 16:27:41 INFO  DoubleClickTest - Double Click Test Started
2026-06-10 16:27:41 INFO  AlertTest - Simple Alert Accepted Successfully
2026-06-10 16:27:41 INFO  DoubleClickTest - Original Text : Hello World!
2026-06-10 16:27:41 INFO  DragDropTest - Drag and Drop Test Passed
2026-06-10 16:27:41 INFO  DoubleClickTest - Copied Text   : Hello World!
2026-06-10 16:27:41 INFO  DoubleClickTest - Double Click Test Passed
2026-06-10 16:27:41 INFO  DragDropTest - Drop Result: Dropped!
2026-06-10 16:27:45 INFO  DateTest - Date Picker 1 Assertion Passed
2026-06-10 16:27:54 INFO  SvgTest - Starting Svg Element Test
2026-06-10 16:27:54 INFO  AlertTest - Confirm Alert Accept Test Started
2026-06-10 16:27:54 INFO  AlertTest - Confirm Alert Result : You pressed OK!
2026-06-10 16:27:55 INFO  FormTest - Form Test Started
2026-06-10 16:27:55 INFO  SvgTest - Red Circle Displayed : true
2026-06-10 16:27:55 INFO  SvgTest - Green Rectangle Displayed : true
2026-06-10 16:27:55 INFO  SvgTest - Blue Triangle Displayed : true
2026-06-10 16:27:55 INFO  SvgTest - Svg Element Test Completed
2026-06-10 16:27:56 INFO  FormTest - Section 1 Assertion Passed
2026-06-10 16:27:56 INFO  FormTest - Section 2 Assertion Passed
2026-06-10 16:27:56 INFO  FormTest - Section 3 Assertion Passed
2026-06-10 16:27:56 INFO  FormTest - Form Test Completed
2026-06-10 16:27:56 INFO  DateTest - Date Picker 2 started
2026-06-10 16:27:56 INFO  DownloadFilesTest - Current URL : https://testautomationpractice.blogspot.com/p/download-files_25.html
2026-06-10 16:27:56 INFO  DownloadFilesTest - Download Files Test Passed
2026-06-10 16:27:57 INFO  DateTest - Date Picker 2 Assertion Passed
2026-06-10 16:28:07 INFO  ListTest - Single Color Test
2026-06-10 16:28:09 INFO  ListTest - Single Animal Test
2026-06-10 16:28:09 INFO  ListTest - Single color Assertion Passed
2026-06-10 16:28:09 INFO  ListTest - Single Animal Assertion Passed
2026-06-10 16:28:17 INFO  ListTest - Multiple Color Test
2026-06-10 16:28:19 INFO  AlertTest - Confirm Alert Dismiss Test Started
2026-06-10 16:28:19 INFO  AlertTest - Confirm Alert Result : You pressed Cancel!
2026-06-10 16:28:22 INFO  DynamicButtonTest - Dynamic Button Test Started
2026-06-10 16:28:22 INFO  DynamicButtonTest - Clicking START Button
2026-06-10 16:28:22 INFO  DynamicButtonTest - STOP Button Displayed
2026-06-10 16:28:22 INFO  ListTest - Multiple Animal Test
2026-06-10 16:28:23 INFO  ListTest - Multiple color Assertion Passed
2026-06-10 16:28:24 INFO  ListTest - Multiple Animal Assertion Passed
2026-06-10 16:28:24 INFO  DynamicButtonTest - Clicking STOP Button
2026-06-10 16:28:24 INFO  DynamicButtonTest - START Button Displayed Again
2026-06-10 16:28:24 INFO  DynamicButtonTest - Dynamic Button Test Passed
2026-06-10 16:28:27 INFO  AlertTest - Prompt Alert Accept Test Started
2026-06-10 16:28:27 INFO  DateTest - Date Picker 3 started
2026-06-10 16:28:27 INFO  AlertTest - Prompt Alert Result : Hello David! How are you today?
2026-06-10 16:28:28 INFO  DateTest - Date Range Result :
You selected a range of 15 days.
2026-06-10 16:28:28 INFO  DateTest - Date Picker 3 Assertion Passed
2026-06-10 16:28:29 INFO  HiddenAjaxTest - Hidden Ajax Test Started
2026-06-10 16:28:31 INFO  AlertTest - Prompt Alert Dismiss Test Started
2026-06-10 16:28:33 INFO  TableTest - Book Detail Fetch Start
2026-06-10 16:28:33 INFO  TableTest - Maximum Price Book Details:
 [Master In Selenium, Mukesh, Selenium, 3000]
2026-06-10 16:28:33 INFO  TableTest - Maximum Price Book Assertion Passed
2026-06-10 16:28:33 INFO  TableTest - Book Details Fetched Successfully
2026-06-10 16:28:35 INFO  AlertTest - Prompt Alert Result : User cancelled the prompt.
2026-06-10 16:28:36 INFO  GUIFormTest - Form Test Started
2026-06-10 16:28:36 INFO  HiddenAjaxTest - Ajax Status Assertion Passed
2026-06-10 16:28:36 INFO  HiddenAjaxTest - Hidden Ajax Test Completed
2026-06-10 16:28:36 INFO  GUIFormTest - Entering Name
2026-06-10 16:28:36 INFO  LabelLinkTest - Mobile Labels Test Started
2026-06-10 16:28:36 INFO  GUIFormTest - Entering Email
2026-06-10 16:28:36 INFO  LabelLinkTest - Mobile Label : Samsung
2026-06-10 16:28:36 INFO  LabelLinkTest - Mobile Label : Real Me
2026-06-10 16:28:36 INFO  LabelLinkTest - Mobile Label : Moto
2026-06-10 16:28:36 INFO  LabelLinkTest - Mobile Labels Test Passed
2026-06-10 16:28:36 INFO  GUIFormTest - Entering Phone
2026-06-10 16:28:36 INFO  GUIFormTest - Entering Address
2026-06-10 16:28:36 INFO  GUIFormTest - Entering Gender
2026-06-10 16:28:36 INFO  GUIFormTest - Entering Days
2026-06-10 16:28:37 INFO  GUIFormTest - Entering Country
2026-06-10 16:28:37 INFO  GUIFormTest - Name Assertion Passed
2026-06-10 16:28:37 INFO  GUIFormTest - Email Assertion Passed
2026-06-10 16:28:37 INFO  GUIFormTest - Phone Assertion Passed
2026-06-10 16:28:37 INFO  GUIFormTest - Address Assertion Passed
2026-06-10 16:28:37 INFO  GUIFormTest - Country Assertion Passed
2026-06-10 16:28:37 INFO  GUIFormTest - Form Test Completed
2026-06-10 16:28:41 INFO  TableTest - Verifying Dynamic Table Details
2026-06-10 16:28:41 INFO  TableTest - CPU load of Chrome process: 1.4%
2026-06-10 16:28:41 INFO  TableTest - Memory Size of Firefox process: 68.8 MB
2026-06-10 16:28:41 INFO  TableTest - Network speed of Chrome process: 1.3 Mbps
2026-06-10 16:28:41 INFO  TableTest - Disk space of Firefox process: 0.21 MB/s
2026-06-10 16:28:41 INFO  TableTest - Dynamic Table Assertion Passed
2026-06-10 16:28:41 INFO  TableTest - Dynamic Table Details Fetched
2026-06-10 16:28:43 INFO  MouseHoverTest - Mouse Hover Test 1
2026-06-10 16:28:44 INFO  LabelLinkTest - Laptop Links Test Started
2026-06-10 16:28:44 INFO  LabelLinkTest - Laptop Link : Apple
2026-06-10 16:28:44 INFO  LabelLinkTest - Laptop Link : Lenovo
2026-06-10 16:28:44 INFO  LabelLinkTest - Laptop Link : Dell
2026-06-10 16:28:44 INFO  LabelLinkTest - Laptop Links Test Passed
2026-06-10 16:28:44 INFO  MouseHoverTest - Mouse Hover and Mobiles Click Successful
2026-06-10 16:28:45 INFO  GUIFormTest - Form Test Started
2026-06-10 16:28:45 INFO  GUIFormTest - Entering Name
2026-06-10 16:28:45 INFO  GUIFormTest - Entering Email
2026-06-10 16:28:45 INFO  GUIFormTest - Entering Phone
2026-06-10 16:28:45 INFO  GUIFormTest - Entering Address
2026-06-10 16:28:45 INFO  GUIFormTest - Entering Gender
2026-06-10 16:28:45 INFO  GUIFormTest - Entering Days
2026-06-10 16:28:45 INFO  GUIFormTest - Entering Country
2026-06-10 16:28:46 INFO  GUIFormTest - Name Assertion Passed
2026-06-10 16:28:46 INFO  GUIFormTest - Email Assertion Passed
2026-06-10 16:28:46 INFO  GUIFormTest - Phone Assertion Passed
2026-06-10 16:28:46 INFO  GUIFormTest - Address Assertion Passed
2026-06-10 16:28:46 INFO  GUIFormTest - Country Assertion Passed
2026-06-10 16:28:46 INFO  GUIFormTest - Form Test Completed
2026-06-10 16:28:46 INFO  DropDownTest - Scrolling Dropdown Test Started
2026-06-10 16:28:48 INFO  DropDownTest - Selected Option: Item 59
2026-06-10 16:28:48 INFO  DropDownTest - Scrolling Dropdown Test Passed
2026-06-10 16:28:48 INFO  TableTest - Verifying Pagination Table Details
2026-06-10 16:28:49 INFO  TableTest - Selected Row Details: [8, Action Camera, $15.99, ]
2026-06-10 16:28:49 INFO  TableTest - Pagination Table Assertion Passed
2026-06-10 16:28:49 INFO  TableTest - Pagination Table Details Fetched
2026-06-10 16:28:52 INFO  LabelLinkTest - Broken Links Test Started
2026-06-10 16:28:52 INFO  MouseHoverTest - Mouse Hover Test 2
2026-06-10 16:28:53 INFO  MouseHoverTest - Mouse Hover and Laptops Click Successful
2026-06-10 16:28:54 INFO  ShadowDomTest - Shadow DOM Test Started
2026-06-10 16:28:54 INFO  ShadowDomTest - Mobile Label : Mobiles
2026-06-10 16:28:54 INFO  ShadowDomTest - Laptop Label : Laptops
2026-06-10 16:28:54 INFO  ShadowDomTest - Blog Link : Blog
2026-06-10 16:28:54 INFO  ShadowDomTest - Entered Text : Shadow DOM Testing
2026-06-10 16:28:54 INFO  ShadowDomTest - CheckBox Selected : true
2026-06-10 16:28:54 INFO  ShadowDomTest - Uploaded File : C:\fakepath\sample.txt
2026-06-10 16:28:54 INFO  ShadowDomTest - Youtube Link : Youtube
2026-06-10 16:28:54 INFO  ShadowDomTest - Shadow DOM Test Passed
2026-06-10 16:28:55 INFO  UploadTest - Single File Upload Started
2026-06-10 16:28:55 INFO  UploadTest - Upload Message : Single file selected: sample.txt, Size: 21 bytes, Type: text/plain
2026-06-10 16:28:55 INFO  UploadTest - Single File Upload Assertion Passed
2026-06-10 16:28:59 INFO  LabelLinkTest - Errorcode 400 -> 400
2026-06-10 16:28:59 INFO  LabelLinkTest - Errorcode 401 -> 401
2026-06-10 16:28:59 INFO  LabelLinkTest - Errorcode 403 -> 403
2026-06-10 16:28:59 INFO  LabelLinkTest - Errorcode 404 -> 404
2026-06-10 16:28:59 INFO  LabelLinkTest - Errorcode 408 -> 408
2026-06-10 16:28:59 INFO  LabelLinkTest - Errorcode 500 -> 500
2026-06-10 16:28:59 INFO  LabelLinkTest - Errorcode 502 -> 502
2026-06-10 16:28:59 INFO  LabelLinkTest - Errorcode 503 -> 503
2026-06-10 16:28:59 INFO  LabelLinkTest - Broken Links Test Passed
2026-06-10 16:29:01 INFO  SliderTest - Slider moved successfully
2026-06-10 16:29:03 INFO  UploadTest - Multiple File Upload Started
2026-06-10 16:29:03 INFO  TabTest - Wiki Pedia Search Test
2026-06-10 16:29:04 INFO  UploadTest - Upload Message : Multiple files selected:
demo.txt, Size: 19 bytes, Type: text/plain
sample.txt, Size: 21 bytes, Type: text/plain
2026-06-10 16:29:04 INFO  UploadTest - Multiple File Upload Assertion 1 Passed
2026-06-10 16:29:04 INFO  UploadTest - Multiple File Upload Assertion 2 Passed
2026-06-10 16:29:04 INFO  UploadTest - Multiple File Upload Completed
2026-06-10 16:29:07 INFO  TabTest - Total Result Found: 5
2026-06-10 17:19:54 INFO  DateTest - Date Picker 1 started
2026-06-10 17:19:54 INFO  DownloadFilesTest - Download File Test Started
2026-06-10 17:19:56 INFO  DateTest - Date Picker 1 Assertion Passed
2026-06-10 17:19:56 INFO  DateTest - Date Picker 2 started
2026-06-10 17:19:56 INFO  DateTest - Date Picker 2 Assertion Passed
2026-06-10 17:19:56 INFO  DateTest - Date Picker 3 started
2026-06-10 17:19:57 INFO  DateTest - Date Range Result :
You selected a range of 15 days.
2026-06-10 17:19:57 INFO  DateTest - Date Picker 3 Assertion Passed
2026-06-10 17:20:03 INFO  AlertTest - Simple Alert Test Started
2026-06-10 17:20:03 INFO  AlertTest - Simple Alert Accepted Successfully
2026-06-10 17:20:03 INFO  AlertTest - Confirm Alert Accept Test Started
2026-06-10 17:20:03 INFO  AlertTest - Confirm Alert Result : You pressed OK!
2026-06-10 17:20:03 INFO  AlertTest - Confirm Alert Dismiss Test Started
2026-06-10 17:20:03 INFO  AlertTest - Confirm Alert Result : You pressed Cancel!
2026-06-10 17:20:03 INFO  AlertTest - Prompt Alert Accept Test Started
2026-06-10 17:20:03 INFO  AlertTest - Prompt Alert Result : Hello David! How are you today?
2026-06-10 17:20:03 INFO  AlertTest - Prompt Alert Dismiss Test Started
2026-06-10 17:20:03 INFO  AlertTest - Prompt Alert Result : User cancelled the prompt.
2026-06-10 17:20:07 INFO  DownloadFilesTest - Current URL : https://testautomationpractice.blogspot.com/p/download-files_25.html
2026-06-10 17:20:07 INFO  DownloadFilesTest - Download Files Test Passed
2026-06-10 17:20:09 INFO  DoubleClickTest - Double Click Test Started
2026-06-10 17:20:10 INFO  DoubleClickTest - Original Text : Hello World!
2026-06-10 17:20:10 INFO  DoubleClickTest - Copied Text   : Hello World!
2026-06-10 17:20:10 INFO  DoubleClickTest - Double Click Test Passed
2026-06-10 17:20:14 INFO  DragDropTest - Drag and Drop Test Started
2026-06-10 17:20:14 INFO  DragDropTest - Drag and Drop Test Passed
2026-06-10 17:20:14 INFO  DragDropTest - Drop Result: Dropped!
2026-06-10 17:20:15 INFO  FormTest - Form Test Started
2026-06-10 17:20:15 INFO  FormTest - Section 1 Assertion Passed
2026-06-10 17:20:15 INFO  FormTest - Section 2 Assertion Passed
2026-06-10 17:20:15 INFO  FormTest - Section 3 Assertion Passed
2026-06-10 17:20:15 INFO  FormTest - Form Test Completed
2026-06-10 17:20:19 INFO  ListTest - Single Color Test
2026-06-10 17:20:22 INFO  SvgTest - Starting Svg Element Test
2026-06-10 17:20:23 INFO  SvgTest - Red Circle Displayed : true
2026-06-10 17:20:23 INFO  SvgTest - Green Rectangle Displayed : true
2026-06-10 17:20:23 INFO  SvgTest - Blue Triangle Displayed : true
2026-06-10 17:20:23 INFO  SvgTest - Svg Element Test Completed
2026-06-10 17:20:24 INFO  ListTest - Single Animal Test
2026-06-10 17:20:24 INFO  ListTest - Single color Assertion Passed
2026-06-10 17:20:24 INFO  ListTest - Single Animal Assertion Passed
2026-06-10 17:20:24 INFO  ListTest - Multiple Color Test
2026-06-10 17:20:27 INFO  ListTest - Multiple Animal Test
2026-06-10 17:20:29 INFO  DynamicButtonTest - Dynamic Button Test Started
2026-06-10 17:20:29 INFO  DynamicButtonTest - Clicking START Button
2026-06-10 17:20:29 INFO  DynamicButtonTest - STOP Button Displayed
2026-06-10 17:20:31 INFO  DynamicButtonTest - Clicking STOP Button
2026-06-10 17:20:31 INFO  DynamicButtonTest - START Button Displayed Again
2026-06-10 17:20:31 INFO  DynamicButtonTest - Dynamic Button Test Passed
2026-06-10 17:20:34 INFO  GUIFormTest - Form Test Started
2026-06-10 17:20:34 INFO  GUIFormTest - Entering Name
2026-06-10 17:20:34 INFO  GUIFormTest - Entering Email
2026-06-10 17:20:34 INFO  GUIFormTest - Entering Phone
2026-06-10 17:20:34 INFO  GUIFormTest - Entering Address
2026-06-10 17:20:34 INFO  GUIFormTest - Entering Gender
2026-06-10 17:20:34 INFO  GUIFormTest - Entering Days
2026-06-10 17:20:34 INFO  GUIFormTest - Entering Country
2026-06-10 17:20:34 INFO  GUIFormTest - Name Assertion Passed
2026-06-10 17:20:34 INFO  GUIFormTest - Email Assertion Passed
2026-06-10 17:20:34 INFO  GUIFormTest - Phone Assertion Passed
2026-06-10 17:20:34 INFO  GUIFormTest - Address Assertion Passed
2026-06-10 17:20:35 INFO  GUIFormTest - Country Assertion Passed
2026-06-10 17:20:35 INFO  GUIFormTest - Form Test Completed
2026-06-10 17:20:35 INFO  GUIFormTest - Form Test Started
2026-06-10 17:20:35 INFO  GUIFormTest - Entering Name
2026-06-10 17:20:35 INFO  GUIFormTest - Entering Email
2026-06-10 17:20:35 INFO  GUIFormTest - Entering Phone
2026-06-10 17:20:35 INFO  GUIFormTest - Entering Address
2026-06-10 17:20:35 INFO  GUIFormTest - Entering Gender
2026-06-10 17:20:35 INFO  GUIFormTest - Entering Days
2026-06-10 17:20:35 INFO  GUIFormTest - Entering Country
2026-06-10 17:20:37 INFO  HiddenAjaxTest - Hidden Ajax Test Started
2026-06-10 17:20:41 INFO  TableTest - Book Detail Fetch Start
2026-06-10 17:20:41 INFO  TableTest - Maximum Price Book Details:
 [Master In Selenium, Mukesh, Selenium, 3000]
2026-06-10 17:20:41 INFO  TableTest - Maximum Price Book Assertion Passed
2026-06-10 17:20:41 INFO  TableTest - Book Details Fetched Successfully
2026-06-10 17:20:41 INFO  TableTest - Verifying Dynamic Table Details
2026-06-10 17:20:41 INFO  TableTest - CPU load of Chrome process: 8.1%
2026-06-10 17:20:41 INFO  TableTest - Memory Size of Firefox process: 65.7 MB
2026-06-10 17:20:41 INFO  TableTest - Network speed of Chrome process: 9.6 Mbps
2026-06-10 17:20:41 INFO  TableTest - Disk space of Firefox process: 0.51 MB/s
2026-06-10 17:20:41 INFO  TableTest - Dynamic Table Assertion Passed
2026-06-10 17:20:41 INFO  TableTest - Dynamic Table Details Fetched
2026-06-10 17:20:41 INFO  TableTest - Verifying Pagination Table Details
2026-06-10 17:20:41 INFO  TableTest - Selected Row Details: [8, Action Camera, $15.99, ]
2026-06-10 17:20:41 INFO  TableTest - Pagination Table Assertion Passed
2026-06-10 17:20:41 INFO  TableTest - Pagination Table Details Fetched
2026-06-10 17:20:45 INFO  HiddenAjaxTest - Ajax Status Assertion Passed
2026-06-10 17:20:45 INFO  HiddenAjaxTest - Hidden Ajax Test Completed
2026-06-10 17:20:45 INFO  LabelLinkTest - Mobile Labels Test Started
2026-06-10 17:20:48 INFO  LabelLinkTest - Mobile Label : Samsung
2026-06-10 17:20:48 INFO  LabelLinkTest - Mobile Label : Real Me
2026-06-10 17:20:48 INFO  LabelLinkTest - Mobile Label : Moto
2026-06-10 17:20:48 INFO  LabelLinkTest - Mobile Labels Test Passed
2026-06-10 17:20:48 INFO  LabelLinkTest - Laptop Links Test Started
2026-06-10 17:20:48 INFO  LabelLinkTest - Laptop Link : Apple
2026-06-10 17:20:48 INFO  LabelLinkTest - Laptop Link : Lenovo
2026-06-10 17:20:48 INFO  LabelLinkTest - Laptop Link : Dell
2026-06-10 17:20:48 INFO  LabelLinkTest - Laptop Links Test Passed
2026-06-10 17:20:48 INFO  LabelLinkTest - Broken Links Test Started
2026-06-10 17:20:54 INFO  MouseHoverTest - Mouse Hover Test 1
2026-06-10 17:20:54 INFO  LabelLinkTest - Errorcode 400 -> 400
2026-06-10 17:20:54 INFO  LabelLinkTest - Errorcode 401 -> 401
2026-06-10 17:20:54 INFO  LabelLinkTest - Errorcode 403 -> 403
2026-06-10 17:20:54 INFO  LabelLinkTest - Errorcode 404 -> 404
2026-06-10 17:20:54 INFO  LabelLinkTest - Errorcode 408 -> 408
2026-06-10 17:20:54 INFO  LabelLinkTest - Errorcode 500 -> 500
2026-06-10 17:20:54 INFO  LabelLinkTest - Errorcode 502 -> 502
2026-06-10 17:20:54 INFO  LabelLinkTest - Errorcode 503 -> 503
2026-06-10 17:20:54 INFO  LabelLinkTest - Broken Links Test Passed
2026-06-10 17:20:55 INFO  MouseHoverTest - Mouse Hover and Mobiles Click Successful
2026-06-10 17:20:55 INFO  MouseHoverTest - Mouse Hover Test 2
2026-06-10 17:20:57 INFO  MouseHoverTest - Mouse Hover and Laptops Click Successful
2026-06-10 17:21:01 INFO  DropDownTest - Scrolling Dropdown Test Started
2026-06-10 17:21:02 INFO  DropDownTest - Selected Option: Item 59
2026-06-10 17:21:02 INFO  DropDownTest - Scrolling Dropdown Test Passed
2026-06-10 17:21:03 INFO  ShadowDomTest - Shadow DOM Test Started
2026-06-10 17:21:03 INFO  ShadowDomTest - Mobile Label : Mobiles
2026-06-10 17:21:03 INFO  ShadowDomTest - Laptop Label : Laptops
2026-06-10 17:21:03 INFO  ShadowDomTest - Blog Link : Blog
2026-06-10 17:21:03 INFO  ShadowDomTest - Entered Text : Shadow DOM Testing
2026-06-10 17:21:03 INFO  ShadowDomTest - CheckBox Selected : true
2026-06-10 17:21:03 INFO  ShadowDomTest - Uploaded File : C:\fakepath\sample.txt
2026-06-10 17:21:03 INFO  ShadowDomTest - Youtube Link : Youtube
2026-06-10 17:21:03 INFO  ShadowDomTest - Shadow DOM Test Passed
2026-06-10 17:21:08 INFO  UploadTest - Single File Upload Started
2026-06-10 17:21:08 INFO  UploadTest - Upload Message : Single file selected: sample.txt, Size: 21 bytes, Type: text/plain
2026-06-10 17:21:08 INFO  UploadTest - Single File Upload Assertion Passed
2026-06-10 17:21:08 INFO  UploadTest - Multiple File Upload Started
2026-06-10 17:21:08 INFO  UploadTest - Upload Message : Multiple files selected:
demo.txt, Size: 19 bytes, Type: text/plain
sample.txt, Size: 21 bytes, Type: text/plain
2026-06-10 17:21:08 INFO  UploadTest - Multiple File Upload Assertion 1 Passed
2026-06-10 17:21:08 INFO  UploadTest - Multiple File Upload Assertion 2 Passed
2026-06-10 17:21:08 INFO  UploadTest - Multiple File Upload Completed
2026-06-10 17:21:12 INFO  SliderTest - Slider moved successfully
2026-06-10 17:21:14 INFO  TabTest - Wiki Pedia Search Test
2026-06-10 17:21:18 INFO  TabTest - Total Result Found: 5
2026-06-10 19:15:08 INFO  DateTest - Date Picker 1 started
2026-06-10 19:15:08 INFO  DragDropTest - Drag and Drop Test Started
2026-06-10 19:15:08 INFO  AlertTest - Simple Alert Test Started
2026-06-10 19:15:08 INFO  AlertTest - Simple Alert Accepted Successfully
2026-06-10 19:15:08 INFO  DragDropTest - Drag and Drop Test Passed
2026-06-10 19:15:08 INFO  DragDropTest - Drop Result: Dropped!
2026-06-10 19:15:09 INFO  DownloadFilesTest - Download File Test Started
2026-06-10 19:15:11 INFO  DateTest - Date Picker 1 Assertion Passed
2026-06-10 19:15:12 INFO  FormTest - Form Test Started
2026-06-10 19:15:12 INFO  AlertTest - Confirm Alert Accept Test Started
2026-06-10 19:15:15 INFO  FormTest - Section 1 Assertion Passed
2026-06-10 19:15:15 INFO  FormTest - Section 2 Assertion Passed
2026-06-10 19:15:15 INFO  FormTest - Section 3 Assertion Passed
2026-06-10 19:15:15 INFO  FormTest - Form Test Completed
2026-06-10 19:15:16 INFO  AlertTest - Confirm Alert Result : You pressed OK!
2026-06-10 19:15:16 INFO  DoubleClickTest - Double Click Test Started
2026-06-10 19:15:18 INFO  DateTest - Date Picker 2 started
2026-06-10 19:15:19 INFO  DateTest - Date Picker 2 Assertion Passed
2026-06-10 19:15:21 INFO  DoubleClickTest - Original Text : Hello World!
2026-06-10 19:15:21 INFO  DoubleClickTest - Copied Text   : Hello World!
2026-06-10 19:15:21 INFO  DoubleClickTest - Double Click Test Passed
2026-06-10 19:15:21 INFO  DownloadFilesTest - Current URL : https://testautomationpractice.blogspot.com/p/download-files_25.html
2026-06-10 19:15:21 INFO  DownloadFilesTest - Download Files Test Passed
2026-06-10 19:15:23 INFO  SvgTest - Starting Svg Element Test
2026-06-10 19:15:24 INFO  SvgTest - Red Circle Displayed : true
2026-06-10 19:15:24 INFO  SvgTest - Green Rectangle Displayed : true
2026-06-10 19:15:24 INFO  SvgTest - Blue Triangle Displayed : true
2026-06-10 19:15:24 INFO  SvgTest - Svg Element Test Completed
2026-06-10 19:15:25 INFO  AlertTest - Confirm Alert Dismiss Test Started
2026-06-10 19:15:25 INFO  AlertTest - Confirm Alert Result : You pressed Cancel!
2026-06-10 19:15:27 INFO  DateTest - Date Picker 3 started
2026-06-10 19:15:27 INFO  DateTest - Date Range Result :
You selected a range of 15 days.
2026-06-10 19:15:27 INFO  DateTest - Date Picker 3 Assertion Passed
2026-06-10 19:15:27 INFO  DynamicButtonTest - Dynamic Button Test Started
2026-06-10 19:15:27 INFO  DynamicButtonTest - Clicking START Button
2026-06-10 19:15:27 INFO  DynamicButtonTest - STOP Button Displayed
2026-06-10 19:15:28 INFO  ListTest - Single Color Test
2026-06-10 19:15:29 INFO  DynamicButtonTest - Clicking STOP Button
2026-06-10 19:15:30 INFO  DynamicButtonTest - START Button Displayed Again
2026-06-10 19:15:30 INFO  DynamicButtonTest - Dynamic Button Test Passed
2026-06-10 19:15:30 INFO  ListTest - Single Animal Test
2026-06-10 19:15:31 INFO  ListTest - Single color Assertion Passed
2026-06-10 19:15:31 INFO  ListTest - Single Animal Assertion Passed
2026-06-10 19:15:32 INFO  AlertTest - Prompt Alert Accept Test Started
2026-06-10 19:15:32 INFO  AlertTest - Prompt Alert Result : Hello David! How are you today?
2026-06-10 19:15:33 INFO  GUIFormTest - Form Test Started
2026-06-10 19:15:33 INFO  GUIFormTest - Entering Name
2026-06-10 19:15:33 INFO  GUIFormTest - Entering Email
2026-06-10 19:15:33 INFO  GUIFormTest - Entering Phone
2026-06-10 19:15:34 INFO  GUIFormTest - Entering Address
2026-06-10 19:15:34 INFO  GUIFormTest - Entering Gender
2026-06-10 19:15:34 INFO  GUIFormTest - Entering Days
2026-06-10 19:15:34 INFO  GUIFormTest - Entering Country
2026-06-10 19:15:34 INFO  GUIFormTest - Name Assertion Passed
2026-06-10 19:15:34 INFO  GUIFormTest - Email Assertion Passed
2026-06-10 19:15:34 INFO  GUIFormTest - Phone Assertion Passed
2026-06-10 19:15:34 INFO  GUIFormTest - Address Assertion Passed
2026-06-10 19:15:34 INFO  GUIFormTest - Country Assertion Passed
2026-06-10 19:15:34 INFO  GUIFormTest - Form Test Completed
2026-06-10 19:15:35 INFO  HiddenAjaxTest - Hidden Ajax Test Started
2026-06-10 19:15:36 INFO  TableTest - Book Detail Fetch Start
2026-06-10 19:15:36 INFO  TableTest - Maximum Price Book Details:
 [Master In Selenium, Mukesh, Selenium, 3000]
2026-06-10 19:15:36 INFO  TableTest - Maximum Price Book Assertion Passed
2026-06-10 19:15:36 INFO  TableTest - Book Details Fetched Successfully
2026-06-10 19:15:38 INFO  ListTest - Multiple Color Test
2026-06-10 19:15:39 INFO  AlertTest - Prompt Alert Dismiss Test Started
2026-06-10 19:15:39 INFO  AlertTest - Prompt Alert Result : User cancelled the prompt.
2026-06-10 19:15:40 INFO  ListTest - Multiple Animal Test
2026-06-10 19:15:41 INFO  GUIFormTest - Form Test Started
2026-06-10 19:15:41 INFO  GUIFormTest - Entering Name
2026-06-10 19:15:41 INFO  ListTest - Multiple color Assertion Passed
2026-06-10 19:15:41 INFO  GUIFormTest - Entering Email
2026-06-10 19:15:41 INFO  GUIFormTest - Entering Phone
2026-06-10 19:15:41 INFO  ListTest - Multiple Animal Assertion Passed
2026-06-10 19:15:41 INFO  GUIFormTest - Entering Address
2026-06-10 19:15:41 INFO  GUIFormTest - Entering Gender
2026-06-10 19:15:41 INFO  GUIFormTest - Entering Days
2026-06-10 19:15:41 INFO  GUIFormTest - Entering Country
2026-06-10 19:15:41 INFO  GUIFormTest - Name Assertion Passed
2026-06-10 19:15:41 INFO  GUIFormTest - Email Assertion Passed
2026-06-10 19:15:41 INFO  GUIFormTest - Phone Assertion Passed
2026-06-10 19:15:41 INFO  GUIFormTest - Address Assertion Passed
2026-06-10 19:15:41 INFO  HiddenAjaxTest - Ajax Status Assertion Passed
2026-06-10 19:15:41 INFO  HiddenAjaxTest - Hidden Ajax Test Completed
2026-06-10 19:15:41 INFO  GUIFormTest - Country Assertion Passed
2026-06-10 19:15:41 INFO  GUIFormTest - Form Test Completed
2026-06-10 19:15:42 INFO  TableTest - Verifying Dynamic Table Details
2026-06-10 19:15:42 INFO  TableTest - CPU load of Chrome process: 9.2%
2026-06-10 19:15:42 INFO  TableTest - Memory Size of Firefox process: 78.1 MB
2026-06-10 19:15:42 INFO  TableTest - Network speed of Chrome process: 10.0 Mbps
2026-06-10 19:15:42 INFO  TableTest - Disk space of Firefox process: 0.52 MB/s
2026-06-10 19:15:42 INFO  TableTest - Dynamic Table Assertion Passed
2026-06-10 19:15:42 INFO  TableTest - Dynamic Table Details Fetched
2026-06-10 19:15:45 INFO  LabelLinkTest - Mobile Labels Test Started
2026-06-10 19:15:45 INFO  LabelLinkTest - Mobile Label : Samsung
2026-06-10 19:15:45 INFO  LabelLinkTest - Mobile Label : Real Me
2026-06-10 19:15:45 INFO  LabelLinkTest - Mobile Label : Moto
2026-06-10 19:15:45 INFO  LabelLinkTest - Mobile Labels Test Passed
2026-06-10 19:15:47 INFO  DropDownTest - Scrolling Dropdown Test Started
2026-06-10 19:15:47 INFO  MouseHoverTest - Mouse Hover Test 1
2026-06-10 19:15:48 INFO  ShadowDomTest - Shadow DOM Test Started
2026-06-10 19:15:48 INFO  ShadowDomTest - Mobile Label : Mobiles
2026-06-10 19:15:48 INFO  ShadowDomTest - Laptop Label : Laptops
2026-06-10 19:15:48 INFO  ShadowDomTest - Blog Link : Blog
2026-06-10 19:15:48 INFO  ShadowDomTest - Entered Text : Shadow DOM Testing
2026-06-10 19:15:48 INFO  ShadowDomTest - CheckBox Selected : true
2026-06-10 19:15:48 INFO  ShadowDomTest - Uploaded File : C:\fakepath\sample.txt
2026-06-10 19:15:48 INFO  ShadowDomTest - Youtube Link : Youtube
2026-06-10 19:15:48 INFO  ShadowDomTest - Shadow DOM Test Passed
2026-06-10 19:15:48 INFO  DropDownTest - Selected Option: Item 59
2026-06-10 19:15:48 INFO  DropDownTest - Scrolling Dropdown Test Passed
2026-06-10 19:15:48 INFO  TableTest - Verifying Pagination Table Details
2026-06-10 19:15:49 INFO  MouseHoverTest - Mouse Hover and Mobiles Click Successful
2026-06-10 19:15:49 INFO  TableTest - Selected Row Details: [8, Action Camera, $15.99, ]
2026-06-10 19:15:49 INFO  TableTest - Pagination Table Assertion Passed
2026-06-10 19:15:49 INFO  TableTest - Pagination Table Details Fetched
2026-06-10 19:15:52 INFO  LabelLinkTest - Laptop Links Test Started
2026-06-10 19:15:52 INFO  LabelLinkTest - Laptop Link : Apple
2026-06-10 19:15:52 INFO  LabelLinkTest - Laptop Link : Lenovo
2026-06-10 19:15:52 INFO  LabelLinkTest - Laptop Link : Dell
2026-06-10 19:15:52 INFO  LabelLinkTest - Laptop Links Test Passed
2026-06-10 19:15:52 INFO  MouseHoverTest - Mouse Hover Test 2
2026-06-10 19:15:54 INFO  UploadTest - Single File Upload Started
2026-06-10 19:15:54 INFO  UploadTest - Upload Message : Single file selected: sample.txt, Size: 21 bytes, Type: text/plain
2026-06-10 19:15:54 INFO  UploadTest - Single File Upload Assertion Passed
2026-06-10 19:15:55 INFO  TabTest - Wiki Pedia Search Test
2026-06-10 19:15:56 INFO  SliderTest - Slider moved successfully
2026-06-10 19:15:56 INFO  MouseHoverTest - Mouse Hover and Laptops Click Successful
2026-06-10 19:15:58 INFO  TabTest - Total Result Found: 5
2026-06-10 19:15:59 INFO  LabelLinkTest - Broken Links Test Started
2026-06-10 19:15:59 INFO  UploadTest - Multiple File Upload Started
2026-06-10 19:15:59 INFO  UploadTest - Upload Message : Multiple files selected:
demo.txt, Size: 19 bytes, Type: text/plain
sample.txt, Size: 21 bytes, Type: text/plain
2026-06-10 19:15:59 INFO  UploadTest - Multiple File Upload Assertion 1 Passed
2026-06-10 19:15:59 INFO  UploadTest - Multiple File Upload Assertion 2 Passed
2026-06-10 19:15:59 INFO  UploadTest - Multiple File Upload Completed
2026-06-10 19:16:05 INFO  LabelLinkTest - Errorcode 400 -> 400
2026-06-10 19:16:05 INFO  LabelLinkTest - Errorcode 401 -> 401
2026-06-10 19:16:05 INFO  LabelLinkTest - Errorcode 403 -> 403
2026-06-10 19:16:05 INFO  LabelLinkTest - Errorcode 404 -> 404
2026-06-10 19:16:05 INFO  LabelLinkTest - Errorcode 408 -> 408
2026-06-10 19:16:05 INFO  LabelLinkTest - Errorcode 500 -> 500
2026-06-10 19:16:05 INFO  LabelLinkTest - Errorcode 502 -> 502
2026-06-10 19:16:05 INFO  LabelLinkTest - Errorcode 503 -> 503
2026-06-10 19:16:05 INFO  LabelLinkTest - Broken Links Test Passed
2026-06-15 21:35:37 INFO  ListTest - Single Color Test
2026-06-15 21:35:37 INFO  GUIFormTest - Form Test Started
2026-06-15 21:35:37 INFO  GUIFormTest - Entering Name
2026-06-15 21:35:37 INFO  DateTest - Date Picker 1 started
2026-06-15 21:35:37 INFO  GUIFormTest - Entering Email
2026-06-15 21:35:37 INFO  TableTest - Book Detail Fetch Start
2026-06-15 21:35:37 INFO  GUIFormTest - Entering Phone
2026-06-15 21:35:37 INFO  GUIFormTest - Entering Address
2026-06-15 21:35:37 INFO  TableTest - Maximum Price Book Details:
 [Master In Selenium, Mukesh, Selenium, 3000]
2026-06-15 21:35:37 INFO  TableTest - Maximum Price Book Assertion Passed
2026-06-15 21:35:37 INFO  TableTest - Book Details Fetched Successfully
2026-06-15 21:35:37 INFO  GUIFormTest - Entering Gender
2026-06-15 21:35:37 INFO  GUIFormTest - Entering Days
2026-06-15 21:35:37 INFO  GUIFormTest - Entering Country
2026-06-15 21:35:37 INFO  GUIFormTest - Name Assertion Passed
2026-06-15 21:35:37 INFO  GUIFormTest - Email Assertion Passed
2026-06-15 21:35:37 INFO  GUIFormTest - Phone Assertion Passed
2026-06-15 21:35:37 INFO  GUIFormTest - Address Assertion Passed
2026-06-15 21:35:37 INFO  GUIFormTest - Country Assertion Passed
2026-06-15 21:35:37 INFO  GUIFormTest - Form Test Completed
2026-06-15 21:35:39 INFO  UploadTest - Single File Upload Started
2026-06-15 21:35:39 INFO  ListTest - Single Animal Test
2026-06-15 21:35:39 INFO  UploadTest - Upload Message : Single file selected: sample.txt, Size: 21 bytes, Type: text/plain
2026-06-15 21:35:39 INFO  UploadTest - Single File Upload Assertion Passed
2026-06-15 21:35:39 INFO  ListTest - Single color Assertion Passed
2026-06-15 21:35:39 INFO  ListTest - Single Animal Assertion Passed
2026-06-15 21:35:40 INFO  DateTest - Date Picker 1 Assertion Passed
2026-06-15 21:35:42 INFO  TableTest - Verifying Dynamic Table Details
2026-06-15 21:35:42 INFO  TableTest - CPU load of Chrome process: 2.3%
2026-06-15 21:35:42 INFO  TableTest - Memory Size of Firefox process: 42.7 MB
2026-06-15 21:35:42 INFO  TableTest - Network speed of Chrome process: 8.5 Mbps
2026-06-15 21:35:42 INFO  TableTest - Disk space of Firefox process: 0.86 MB/s
2026-06-15 21:35:42 INFO  TableTest - Dynamic Table Assertion Passed
2026-06-15 21:35:42 INFO  TableTest - Dynamic Table Details Fetched
2026-06-15 21:35:43 INFO  GUIFormTest - Form Test Started
2026-06-15 21:35:43 INFO  GUIFormTest - Entering Name
2026-06-15 21:35:43 INFO  GUIFormTest - Entering Email
2026-06-15 21:35:43 INFO  GUIFormTest - Entering Phone
2026-06-15 21:35:43 INFO  GUIFormTest - Entering Address
2026-06-15 21:35:43 INFO  GUIFormTest - Entering Gender
2026-06-15 21:35:43 INFO  GUIFormTest - Entering Days
2026-06-15 21:35:43 INFO  GUIFormTest - Entering Country
2026-06-15 21:35:44 INFO  GUIFormTest - Name Assertion Passed
2026-06-15 21:35:44 INFO  GUIFormTest - Email Assertion Passed
2026-06-15 21:35:44 INFO  GUIFormTest - Phone Assertion Passed
2026-06-15 21:35:44 INFO  GUIFormTest - Address Assertion Passed
2026-06-15 21:35:44 INFO  GUIFormTest - Country Assertion Passed
2026-06-15 21:35:44 INFO  GUIFormTest - Form Test Completed
2026-06-15 21:35:44 INFO  UploadTest - Multiple File Upload Started
2026-06-15 21:35:44 INFO  UploadTest - Upload Message : Multiple files selected:
demo.txt, Size: 19 bytes, Type: text/plain
sample.txt, Size: 21 bytes, Type: text/plain
2026-06-15 21:35:44 INFO  UploadTest - Multiple File Upload Assertion 1 Passed
2026-06-15 21:35:44 INFO  UploadTest - Multiple File Upload Assertion 2 Passed
2026-06-15 21:35:44 INFO  UploadTest - Multiple File Upload Completed
2026-06-15 21:35:45 INFO  ListTest - Multiple Color Test
2026-06-15 21:35:45 INFO  DateTest - Date Picker 2 started
2026-06-15 21:35:46 INFO  DateTest - Date Picker 2 Assertion Passed
2026-06-15 21:35:48 INFO  ListTest - Multiple Animal Test
2026-06-15 21:35:48 INFO  TableTest - Verifying Pagination Table Details
2026-06-15 21:35:49 INFO  ListTest - Multiple color Assertion Passed
2026-06-15 21:35:49 INFO  TableTest - Selected Row Details: [8, Action Camera, $15.99, ]
2026-06-15 21:35:49 INFO  TableTest - Pagination Table Assertion Passed
2026-06-15 21:35:49 INFO  TableTest - Pagination Table Details Fetched
2026-06-15 21:35:49 INFO  ListTest - Multiple Animal Assertion Passed
2026-06-15 21:35:49 INFO  FormTest - Form Test Started
2026-06-15 21:35:49 INFO  FormTest - Section 1 Assertion Passed
2026-06-15 21:35:49 INFO  FormTest - Section 2 Assertion Passed
2026-06-15 21:35:49 INFO  FormTest - Section 3 Assertion Passed
2026-06-15 21:35:49 INFO  FormTest - Form Test Completed
2026-06-15 21:35:50 INFO  HiddenAjaxTest - Hidden Ajax Test Started
2026-06-15 21:35:51 INFO  DateTest - Date Picker 3 started
2026-06-15 21:35:52 INFO  DateTest - Date Range Result :
You selected a range of 15 days.
2026-06-15 21:35:52 INFO  DateTest - Date Picker 3 Assertion Passed
2026-06-15 21:35:54 INFO  TabTest - Wiki Pedia Search Test
2026-06-15 21:35:54 INFO  DownloadFilesTest - Download File Test Started
2026-06-15 21:35:55 INFO  DynamicButtonTest - Dynamic Button Test Started
2026-06-15 21:35:55 INFO  DynamicButtonTest - Clicking START Button
2026-06-15 21:35:55 INFO  DynamicButtonTest - STOP Button Displayed
2026-06-15 21:35:57 INFO  HiddenAjaxTest - Ajax Status Assertion Passed
2026-06-15 21:35:57 INFO  HiddenAjaxTest - Hidden Ajax Test Completed
2026-06-15 21:35:57 INFO  DynamicButtonTest - Clicking STOP Button
2026-06-15 21:35:57 INFO  AlertTest - Simple Alert Test Started
2026-06-15 21:35:57 INFO  DynamicButtonTest - START Button Displayed Again
2026-06-15 21:35:57 INFO  DynamicButtonTest - Dynamic Button Test Passed
2026-06-15 21:35:57 INFO  AlertTest - Simple Alert Accepted Successfully
2026-06-15 21:35:57 INFO  TabTest - Total Result Found: 5
2026-06-15 21:36:03 INFO  DoubleClickTest - Double Click Test Started
2026-06-15 21:36:03 INFO  AlertTest - Confirm Alert Accept Test Started
2026-06-15 21:36:03 INFO  DoubleClickTest - Original Text : Hello World!
2026-06-15 21:36:03 INFO  AlertTest - Confirm Alert Result : You pressed OK!
2026-06-15 21:36:03 INFO  DoubleClickTest - Copied Text   : Hello World!
2026-06-15 21:36:03 INFO  DoubleClickTest - Double Click Test Passed
2026-06-15 21:36:03 INFO  DragDropTest - Drag and Drop Test Started
2026-06-15 21:36:03 INFO  DragDropTest - Drag and Drop Test Passed
2026-06-15 21:36:03 INFO  DragDropTest - Drop Result: Dropped!
2026-06-15 21:36:03 INFO  MouseHoverTest - Mouse Hover Test 1
2026-06-15 21:36:05 INFO  MouseHoverTest - Mouse Hover and Mobiles Click Successful
2026-06-15 21:36:07 INFO  DownloadFilesTest - Current URL : https://testautomationpractice.blogspot.com/p/download-files_25.html
2026-06-15 21:36:07 INFO  DownloadFilesTest - Download Files Test Passed
2026-06-15 21:36:09 INFO  SvgTest - Starting Svg Element Test
2026-06-15 21:36:11 INFO  SvgTest - Red Circle Displayed : true
2026-06-15 21:36:11 INFO  SvgTest - Green Rectangle Displayed : true
2026-06-15 21:36:11 INFO  SvgTest - Blue Triangle Displayed : true
2026-06-15 21:36:11 INFO  SvgTest - Svg Element Test Completed
2026-06-15 21:36:11 INFO  MouseHoverTest - Mouse Hover Test 2
2026-06-15 21:36:12 INFO  MouseHoverTest - Mouse Hover and Laptops Click Successful
2026-06-15 21:36:13 INFO  SliderTest - Slider moved successfully
2026-06-15 21:36:16 INFO  DropDownTest - Scrolling Dropdown Test Started
2026-06-15 21:36:16 INFO  AlertTest - Confirm Alert Dismiss Test Started
2026-06-15 21:36:16 INFO  LabelLinkTest - Mobile Labels Test Started
2026-06-15 21:36:16 INFO  LabelLinkTest - Mobile Label : Samsung
2026-06-15 21:36:16 INFO  LabelLinkTest - Mobile Label : Real Me
2026-06-15 21:36:16 INFO  LabelLinkTest - Mobile Label : Moto
2026-06-15 21:36:16 INFO  LabelLinkTest - Mobile Labels Test Passed
2026-06-15 21:36:17 INFO  AlertTest - Confirm Alert Result : You pressed Cancel!
2026-06-15 21:36:17 INFO  DropDownTest - Selected Option: Item 59
2026-06-15 21:36:17 INFO  DropDownTest - Scrolling Dropdown Test Passed
2026-06-15 21:36:17 INFO  ShadowDomTest - Shadow DOM Test Started
2026-06-15 21:36:17 INFO  ShadowDomTest - Mobile Label : Mobiles
2026-06-15 21:36:17 INFO  ShadowDomTest - Laptop Label : Laptops
2026-06-15 21:36:17 INFO  ShadowDomTest - Blog Link : Blog
2026-06-15 21:36:17 INFO  ShadowDomTest - Entered Text : Shadow DOM Testing
2026-06-15 21:36:17 INFO  ShadowDomTest - CheckBox Selected : true
2026-06-15 21:36:17 INFO  ShadowDomTest - Uploaded File : C:\fakepath\sample.txt
2026-06-15 21:36:17 INFO  ShadowDomTest - Youtube Link : Youtube
2026-06-15 21:36:17 INFO  ShadowDomTest - Shadow DOM Test Passed
2026-06-15 21:36:22 INFO  AlertTest - Prompt Alert Accept Test Started
2026-06-15 21:36:22 INFO  AlertTest - Prompt Alert Result : Hello David! How are you today?
2026-06-15 21:36:22 INFO  LabelLinkTest - Laptop Links Test Started
2026-06-15 21:36:22 INFO  LabelLinkTest - Laptop Link : Apple
2026-06-15 21:36:22 INFO  LabelLinkTest - Laptop Link : Lenovo
2026-06-15 21:36:22 INFO  LabelLinkTest - Laptop Link : Dell
2026-06-15 21:36:22 INFO  LabelLinkTest - Laptop Links Test Passed
2026-06-15 21:36:26 INFO  LabelLinkTest - Broken Links Test Started
2026-06-15 21:36:28 INFO  AlertTest - Prompt Alert Dismiss Test Started
2026-06-15 21:36:28 INFO  AlertTest - Prompt Alert Result : User cancelled the prompt.
2026-06-15 21:36:35 INFO  LabelLinkTest - Errorcode 400 -> 400
2026-06-15 21:36:35 INFO  LabelLinkTest - Errorcode 401 -> 401
2026-06-15 21:36:35 INFO  LabelLinkTest - Errorcode 403 -> 403
2026-06-15 21:36:35 INFO  LabelLinkTest - Errorcode 404 -> 404
2026-06-15 21:36:35 INFO  LabelLinkTest - Errorcode 408 -> 408
2026-06-15 21:36:35 INFO  LabelLinkTest - Errorcode 500 -> 500
2026-06-15 21:36:35 INFO  LabelLinkTest - Errorcode 502 -> 502
2026-06-15 21:36:35 INFO  LabelLinkTest - Errorcode 503 -> 503
2026-06-15 21:36:35 INFO  LabelLinkTest - Broken Links Test Passed
2026-06-15 21:40:23 INFO  DateTest - Date Picker 1 started
2026-06-15 21:40:23 INFO  UploadTest - Single File Upload Started
2026-06-15 21:40:23 INFO  GUIFormTest - Form Test Started
2026-06-15 21:40:23 INFO  GUIFormTest - Entering Name
2026-06-15 21:40:23 INFO  GUIFormTest - Entering Email
2026-06-15 21:40:23 INFO  UploadTest - Upload Message : Single file selected: sample.txt, Size: 21 bytes, Type: text/plain
2026-06-15 21:40:23 INFO  UploadTest - Single File Upload Assertion Passed
2026-06-15 21:40:23 INFO  TableTest - Book Detail Fetch Start
2026-06-15 21:40:23 INFO  GUIFormTest - Entering Phone
2026-06-15 21:40:23 INFO  ListTest - Single Color Test
2026-06-15 21:40:23 INFO  GUIFormTest - Entering Address
2026-06-15 21:40:23 INFO  TableTest - Maximum Price Book Details:
 [Master In Selenium, Mukesh, Selenium, 3000]
2026-06-15 21:40:23 INFO  TableTest - Maximum Price Book Assertion Passed
2026-06-15 21:40:23 INFO  TableTest - Book Details Fetched Successfully
2026-06-15 21:40:23 INFO  GUIFormTest - Entering Gender
2026-06-15 21:40:23 INFO  GUIFormTest - Entering Days
2026-06-15 21:40:23 INFO  GUIFormTest - Entering Country
2026-06-15 21:40:24 INFO  GUIFormTest - Name Assertion Passed
2026-06-15 21:40:24 INFO  GUIFormTest - Email Assertion Passed
2026-06-15 21:40:24 INFO  GUIFormTest - Phone Assertion Passed
2026-06-15 21:40:24 INFO  GUIFormTest - Address Assertion Passed
2026-06-15 21:40:24 INFO  GUIFormTest - Country Assertion Passed
2026-06-15 21:40:24 INFO  GUIFormTest - Form Test Completed
2026-06-15 21:40:25 INFO  ListTest - Single Animal Test
2026-06-15 21:40:26 INFO  ListTest - Single color Assertion Passed
2026-06-15 21:40:26 INFO  ListTest - Single Animal Assertion Passed
2026-06-15 21:40:26 INFO  DateTest - Date Picker 1 Assertion Passed
2026-06-15 21:40:29 INFO  UploadTest - Multiple File Upload Started
2026-06-15 21:40:29 INFO  TableTest - Verifying Dynamic Table Details
2026-06-15 21:40:29 INFO  TableTest - CPU load of Chrome process: 0.3%
2026-06-15 21:40:29 INFO  TableTest - Memory Size of Firefox process: 44.0 MB
2026-06-15 21:40:29 INFO  TableTest - Network speed of Chrome process: 5.7 Mbps
2026-06-15 21:40:29 INFO  TableTest - Disk space of Firefox process: 0.21 MB/s
2026-06-15 21:40:29 INFO  TableTest - Dynamic Table Assertion Passed
2026-06-15 21:40:29 INFO  TableTest - Dynamic Table Details Fetched
2026-06-15 21:40:29 INFO  UploadTest - Upload Message : Multiple files selected:
demo.txt, Size: 19 bytes, Type: text/plain
sample.txt, Size: 21 bytes, Type: text/plain
2026-06-15 21:40:29 INFO  UploadTest - Multiple File Upload Assertion 1 Passed
2026-06-15 21:40:29 INFO  UploadTest - Multiple File Upload Assertion 2 Passed
2026-06-15 21:40:29 INFO  UploadTest - Multiple File Upload Completed
2026-06-15 21:40:30 INFO  GUIFormTest - Form Test Started
2026-06-15 21:40:30 INFO  GUIFormTest - Entering Name
2026-06-15 21:40:30 INFO  GUIFormTest - Entering Email
2026-06-15 21:40:30 INFO  GUIFormTest - Entering Phone
2026-06-15 21:40:30 INFO  GUIFormTest - Entering Address
2026-06-15 21:40:30 INFO  GUIFormTest - Entering Gender
2026-06-15 21:40:30 INFO  GUIFormTest - Entering Days
2026-06-15 21:40:30 INFO  GUIFormTest - Entering Country
2026-06-15 21:40:30 INFO  GUIFormTest - Name Assertion Passed
2026-06-15 21:40:30 INFO  GUIFormTest - Email Assertion Passed
2026-06-15 21:40:30 INFO  GUIFormTest - Phone Assertion Passed
2026-06-15 21:40:30 INFO  GUIFormTest - Address Assertion Passed
2026-06-15 21:40:30 INFO  GUIFormTest - Country Assertion Passed
2026-06-15 21:40:30 INFO  GUIFormTest - Form Test Completed
2026-06-15 21:40:32 INFO  DateTest - Date Picker 2 started
2026-06-15 21:40:32 INFO  ListTest - Multiple Color Test
2026-06-15 21:40:33 INFO  DateTest - Date Picker 2 Assertion Passed
2026-06-15 21:40:35 INFO  FormTest - Form Test Started
2026-06-15 21:40:35 INFO  TableTest - Verifying Pagination Table Details
2026-06-15 21:40:35 INFO  FormTest - Section 1 Assertion Passed
2026-06-15 21:40:35 INFO  FormTest - Section 2 Assertion Passed
2026-06-15 21:40:35 INFO  FormTest - Section 3 Assertion Passed
2026-06-15 21:40:35 INFO  FormTest - Form Test Completed
2026-06-15 21:40:35 INFO  ListTest - Multiple Animal Test
2026-06-15 21:40:36 INFO  TableTest - Selected Row Details: [8, Action Camera, $15.99, ]
2026-06-15 21:40:36 INFO  TableTest - Pagination Table Assertion Passed
2026-06-15 21:40:36 INFO  TableTest - Pagination Table Details Fetched
2026-06-15 21:40:36 INFO  HiddenAjaxTest - Hidden Ajax Test Started
2026-06-15 21:40:36 INFO  ListTest - Multiple color Assertion Passed
2026-06-15 21:40:36 INFO  ListTest - Multiple Animal Assertion Passed
2026-06-15 21:40:38 INFO  DateTest - Date Picker 3 started
2026-06-15 21:40:38 INFO  DateTest - Date Range Result :
You selected a range of 15 days.
2026-06-15 21:40:38 INFO  DateTest - Date Picker 3 Assertion Passed
2026-06-15 21:40:39 INFO  DynamicButtonTest - Dynamic Button Test Started
2026-06-15 21:40:39 INFO  DynamicButtonTest - Clicking START Button
2026-06-15 21:40:40 INFO  DownloadFilesTest - Download File Test Started
2026-06-15 21:40:41 INFO  TabTest - Wiki Pedia Search Test
2026-06-15 21:40:41 INFO  DynamicButtonTest - STOP Button Displayed
2026-06-15 21:40:42 INFO  HiddenAjaxTest - Ajax Status Assertion Passed
2026-06-15 21:40:42 INFO  HiddenAjaxTest - Hidden Ajax Test Completed
2026-06-15 21:40:43 INFO  AlertTest - Simple Alert Test Started
2026-06-15 21:40:43 INFO  AlertTest - Simple Alert Accepted Successfully
2026-06-15 21:40:43 INFO  DynamicButtonTest - Clicking STOP Button
2026-06-15 21:40:44 INFO  DynamicButtonTest - START Button Displayed Again
2026-06-15 21:40:44 INFO  DynamicButtonTest - Dynamic Button Test Passed
2026-06-15 21:40:44 INFO  TabTest - Total Result Found: 5
2026-06-15 21:40:46 INFO  DownloadFilesTest - Current URL : https://testautomationpractice.blogspot.com/p/download-files_25.html
2026-06-15 21:40:46 INFO  DownloadFilesTest - Download Files Test Passed
2026-06-15 21:40:47 INFO  DragDropTest - Drag and Drop Test Started
2026-06-15 21:40:48 INFO  MouseHoverTest - Mouse Hover Test 1
2026-06-15 21:40:48 INFO  AlertTest - Confirm Alert Accept Test Started
2026-06-15 21:40:48 INFO  AlertTest - Confirm Alert Result : You pressed OK!
2026-06-15 21:40:49 INFO  DoubleClickTest - Double Click Test Started
2026-06-15 21:40:49 INFO  MouseHoverTest - Mouse Hover and Mobiles Click Successful
2026-06-15 21:40:49 INFO  DoubleClickTest - Original Text : Hello World!
2026-06-15 21:40:49 INFO  DoubleClickTest - Copied Text   : Hello World!
2026-06-15 21:40:49 INFO  DoubleClickTest - Double Click Test Passed
2026-06-15 21:40:49 INFO  DragDropTest - Drag and Drop Test Passed
2026-06-15 21:40:50 INFO  DragDropTest - Drop Result: Dropped!
2026-06-15 21:40:54 INFO  AlertTest - Confirm Alert Dismiss Test Started
2026-06-15 21:40:54 INFO  SliderTest - Slider moved successfully
2026-06-15 21:40:54 INFO  AlertTest - Confirm Alert Result : You pressed Cancel!
2026-06-15 21:40:54 INFO  MouseHoverTest - Mouse Hover Test 2
2026-06-15 21:40:55 INFO  SvgTest - Starting Svg Element Test
2026-06-15 21:40:55 INFO  DropDownTest - Scrolling Dropdown Test Started
2026-06-15 21:40:56 INFO  SvgTest - Red Circle Displayed : true
2026-06-15 21:40:56 INFO  SvgTest - Green Rectangle Displayed : true
2026-06-15 21:40:56 INFO  SvgTest - Blue Triangle Displayed : true
2026-06-15 21:40:56 INFO  SvgTest - Svg Element Test Completed
2026-06-15 21:40:56 INFO  MouseHoverTest - Mouse Hover and Laptops Click Successful
2026-06-15 21:40:57 INFO  DropDownTest - Selected Option: Item 59
2026-06-15 21:40:57 INFO  DropDownTest - Scrolling Dropdown Test Passed
2026-06-15 21:40:59 INFO  LabelLinkTest - Mobile Labels Test Started
2026-06-15 21:40:59 INFO  AlertTest - Prompt Alert Accept Test Started
2026-06-15 21:40:59 INFO  LabelLinkTest - Mobile Label : Samsung
2026-06-15 21:40:59 INFO  LabelLinkTest - Mobile Label : Real Me
2026-06-15 21:40:59 INFO  LabelLinkTest - Mobile Label : Moto
2026-06-15 21:40:59 INFO  LabelLinkTest - Mobile Labels Test Passed
2026-06-15 21:40:59 INFO  AlertTest - Prompt Alert Result : Hello David! How are you today?
2026-06-15 21:41:01 INFO  ShadowDomTest - Shadow DOM Test Started
2026-06-15 21:41:01 INFO  ShadowDomTest - Mobile Label : Mobiles
2026-06-15 21:41:01 INFO  ShadowDomTest - Laptop Label : Laptops
2026-06-15 21:41:01 INFO  ShadowDomTest - Blog Link : Blog
2026-06-15 21:41:01 INFO  ShadowDomTest - Entered Text : Shadow DOM Testing
2026-06-15 21:41:01 INFO  ShadowDomTest - CheckBox Selected : true
2026-06-15 21:41:01 INFO  ShadowDomTest - Uploaded File : C:\fakepath\sample.txt
2026-06-15 21:41:01 INFO  ShadowDomTest - Youtube Link : Youtube
2026-06-15 21:41:01 INFO  ShadowDomTest - Shadow DOM Test Passed
2026-06-15 21:41:02 INFO  LabelLinkTest - Laptop Links Test Started
2026-06-15 21:41:05 INFO  LabelLinkTest - Laptop Link : Apple
2026-06-15 21:41:05 INFO  LabelLinkTest - Laptop Link : Lenovo
2026-06-15 21:41:05 INFO  LabelLinkTest - Laptop Link : Dell
2026-06-15 21:41:05 INFO  LabelLinkTest - Laptop Links Test Passed
2026-06-15 21:41:05 INFO  AlertTest - Prompt Alert Dismiss Test Started
2026-06-15 21:41:05 INFO  AlertTest - Prompt Alert Result : User cancelled the prompt.
2026-06-15 21:41:07 INFO  LabelLinkTest - Broken Links Test Started
2026-06-15 21:41:15 INFO  LabelLinkTest - Errorcode 400 -> 400
2026-06-15 21:41:15 INFO  LabelLinkTest - Errorcode 401 -> 401
2026-06-15 21:41:15 INFO  LabelLinkTest - Errorcode 403 -> 403
2026-06-15 21:41:15 INFO  LabelLinkTest - Errorcode 404 -> 404
2026-06-15 21:41:15 INFO  LabelLinkTest - Errorcode 408 -> 408
2026-06-15 21:41:15 INFO  LabelLinkTest - Errorcode 500 -> 500
2026-06-15 21:41:15 INFO  LabelLinkTest - Errorcode 502 -> 502
2026-06-15 21:41:15 INFO  LabelLinkTest - Errorcode 503 -> 503
2026-06-15 21:41:15 INFO  LabelLinkTest - Broken Links Test Passed
2026-06-15 22:23:07 INFO  GUIFormTest - Form Test Started
2026-06-15 22:23:07 INFO  DateTest - Date Picker 1 started
2026-06-15 22:23:07 INFO  UploadTest - Single File Upload Started
2026-06-15 22:23:07 INFO  GUIFormTest - Entering Name
2026-06-15 22:23:07 INFO  GUIFormTest - Entering Email
2026-06-15 22:23:07 INFO  UploadTest - Upload Message : Single file selected: sample.txt, Size: 21 bytes, Type: text/plain
2026-06-15 22:23:07 INFO  UploadTest - Single File Upload Assertion Passed
2026-06-15 22:23:07 INFO  GUIFormTest - Entering Phone
2026-06-15 22:23:07 INFO  GUIFormTest - Entering Address
2026-06-15 22:23:07 INFO  GUIFormTest - Entering Gender
2026-06-15 22:23:07 INFO  GUIFormTest - Entering Days
2026-06-15 22:23:08 INFO  GUIFormTest - Entering Country
2026-06-15 22:23:08 INFO  TableTest - Book Detail Fetch Start
2026-06-15 22:23:08 INFO  TableTest - Maximum Price Book Details:
 [Master In Selenium, Mukesh, Selenium, 3000]
2026-06-15 22:23:08 INFO  TableTest - Maximum Price Book Assertion Passed
2026-06-15 22:23:08 INFO  TableTest - Book Details Fetched Successfully
2026-06-15 22:23:08 INFO  ListTest - Single Color Test
2026-06-15 22:23:08 INFO  GUIFormTest - Name Assertion Passed
2026-06-15 22:23:08 INFO  GUIFormTest - Email Assertion Passed
2026-06-15 22:23:08 INFO  GUIFormTest - Phone Assertion Passed
2026-06-15 22:23:08 INFO  GUIFormTest - Address Assertion Passed
2026-06-15 22:23:08 INFO  GUIFormTest - Country Assertion Passed
2026-06-15 22:23:08 INFO  GUIFormTest - Form Test Completed
2026-06-15 22:23:10 INFO  ListTest - Single Animal Test
2026-06-15 22:23:10 INFO  ListTest - Single color Assertion Passed
2026-06-15 22:23:11 INFO  ListTest - Single Animal Assertion Passed
2026-06-15 22:23:11 INFO  DateTest - Date Picker 1 Assertion Passed
2026-06-15 22:23:13 INFO  UploadTest - Multiple File Upload Started
2026-06-15 22:23:13 INFO  UploadTest - Upload Message : Multiple files selected:
demo.txt, Size: 19 bytes, Type: text/plain
sample.txt, Size: 21 bytes, Type: text/plain
2026-06-15 22:23:13 INFO  UploadTest - Multiple File Upload Assertion 1 Passed
2026-06-15 22:23:13 INFO  UploadTest - Multiple File Upload Assertion 2 Passed
2026-06-15 22:23:13 INFO  UploadTest - Multiple File Upload Completed
2026-06-15 22:23:13 INFO  TableTest - Verifying Dynamic Table Details
2026-06-15 22:23:13 INFO  TableTest - CPU load of Chrome process: 6.8%
2026-06-15 22:23:13 INFO  TableTest - Memory Size of Firefox process: 56.6 MB
2026-06-15 22:23:13 INFO  TableTest - Network speed of Chrome process: 7.0 Mbps
2026-06-15 22:23:13 INFO  TableTest - Disk space of Firefox process: 0.28 MB/s
2026-06-15 22:23:13 INFO  TableTest - Dynamic Table Assertion Passed
2026-06-15 22:23:13 INFO  TableTest - Dynamic Table Details Fetched
2026-06-15 22:23:13 INFO  GUIFormTest - Form Test Started
2026-06-15 22:23:13 INFO  GUIFormTest - Entering Name
2026-06-15 22:23:14 INFO  GUIFormTest - Entering Email
2026-06-15 22:23:14 INFO  GUIFormTest - Entering Phone
2026-06-15 22:23:14 INFO  GUIFormTest - Entering Address
2026-06-15 22:23:14 INFO  GUIFormTest - Entering Gender
2026-06-15 22:23:14 INFO  GUIFormTest - Entering Days
2026-06-15 22:23:14 INFO  GUIFormTest - Entering Country
2026-06-15 22:23:14 INFO  GUIFormTest - Name Assertion Passed
2026-06-15 22:23:14 INFO  GUIFormTest - Email Assertion Passed
2026-06-15 22:23:14 INFO  GUIFormTest - Phone Assertion Passed
2026-06-15 22:23:14 INFO  GUIFormTest - Address Assertion Passed
2026-06-15 22:23:14 INFO  GUIFormTest - Country Assertion Passed
2026-06-15 22:23:14 INFO  GUIFormTest - Form Test Completed
2026-06-15 22:23:16 INFO  ListTest - Multiple Color Test
2026-06-15 22:23:16 INFO  DateTest - Date Picker 2 started
2026-06-15 22:23:17 INFO  DateTest - Date Picker 2 Assertion Passed
2026-06-15 22:23:19 INFO  ListTest - Multiple Animal Test
2026-06-15 22:23:19 INFO  FormTest - Form Test Started
2026-06-15 22:23:19 INFO  TableTest - Verifying Pagination Table Details
2026-06-15 22:23:19 INFO  FormTest - Section 1 Assertion Passed
2026-06-15 22:23:19 INFO  FormTest - Section 2 Assertion Passed
2026-06-15 22:23:19 INFO  FormTest - Section 3 Assertion Passed
2026-06-15 22:23:19 INFO  FormTest - Form Test Completed
2026-06-15 22:23:19 INFO  ListTest - Multiple color Assertion Passed
2026-06-15 22:23:19 INFO  ListTest - Multiple Animal Assertion Passed
2026-06-15 22:23:19 INFO  TableTest - Selected Row Details: [8, Action Camera, $15.99, ]
2026-06-15 22:23:19 INFO  TableTest - Pagination Table Assertion Passed
2026-06-15 22:23:19 INFO  TableTest - Pagination Table Details Fetched
2026-06-15 22:23:20 INFO  HiddenAjaxTest - Hidden Ajax Test Started
2026-06-15 22:23:22 INFO  DateTest - Date Picker 3 started
2026-06-15 22:23:22 INFO  DateTest - Date Range Result :
You selected a range of 15 days.
2026-06-15 22:23:22 INFO  DateTest - Date Picker 3 Assertion Passed
2026-06-15 22:23:24 INFO  DownloadFilesTest - Download File Test Started
2026-06-15 22:23:25 INFO  TabTest - Wiki Pedia Search Test
2026-06-15 22:23:25 INFO  DynamicButtonTest - Dynamic Button Test Started
2026-06-15 22:23:25 INFO  DynamicButtonTest - Clicking START Button
2026-06-15 22:23:25 INFO  DynamicButtonTest - STOP Button Displayed
2026-06-15 22:23:27 INFO  HiddenAjaxTest - Ajax Status Assertion Passed
2026-06-15 22:23:27 INFO  HiddenAjaxTest - Hidden Ajax Test Completed
2026-06-15 22:23:27 INFO  AlertTest - Simple Alert Test Started
2026-06-15 22:23:27 INFO  AlertTest - Simple Alert Accepted Successfully
2026-06-15 22:23:27 INFO  DynamicButtonTest - Clicking STOP Button
2026-06-15 22:23:27 INFO  DynamicButtonTest - START Button Displayed Again
2026-06-15 22:23:27 INFO  DynamicButtonTest - Dynamic Button Test Passed
2026-06-15 22:23:28 INFO  TabTest - Total Result Found: 5
2026-06-15 22:23:31 INFO  DownloadFilesTest - Current URL : https://testautomationpractice.blogspot.com/p/download-files_25.html
2026-06-15 22:23:31 INFO  DownloadFilesTest - Download Files Test Passed
2026-06-15 22:23:32 INFO  MouseHoverTest - Mouse Hover Test 1
2026-06-15 22:23:33 INFO  AlertTest - Confirm Alert Accept Test Started
2026-06-15 22:23:33 INFO  AlertTest - Confirm Alert Result : You pressed OK!
2026-06-15 22:23:33 INFO  DoubleClickTest - Double Click Test Started
2026-06-15 22:23:33 INFO  DoubleClickTest - Original Text : Hello World!
2026-06-15 22:23:33 INFO  DoubleClickTest - Copied Text   : Hello World!
2026-06-15 22:23:33 INFO  DoubleClickTest - Double Click Test Passed
2026-06-15 22:23:33 INFO  DragDropTest - Drag and Drop Test Started
2026-06-15 22:23:34 INFO  MouseHoverTest - Mouse Hover and Mobiles Click Successful
2026-06-15 22:23:34 INFO  DragDropTest - Drag and Drop Test Passed
2026-06-15 22:23:34 INFO  DragDropTest - Drop Result: Dropped!
2026-06-15 22:23:35 INFO  SvgTest - Starting Svg Element Test
2026-06-15 22:23:38 INFO  SvgTest - Red Circle Displayed : true
2026-06-15 22:23:38 INFO  SvgTest - Green Rectangle Displayed : true
2026-06-15 22:23:38 INFO  SvgTest - Blue Triangle Displayed : true
2026-06-15 22:23:38 INFO  SvgTest - Svg Element Test Completed
2026-06-15 22:23:38 INFO  AlertTest - Confirm Alert Dismiss Test Started
2026-06-15 22:23:39 INFO  AlertTest - Confirm Alert Result : You pressed Cancel!
2026-06-15 22:23:39 INFO  SliderTest - Slider moved successfully
2026-06-15 22:23:39 INFO  MouseHoverTest - Mouse Hover Test 2
2026-06-15 22:23:39 INFO  DropDownTest - Scrolling Dropdown Test Started
2026-06-15 22:23:40 INFO  DropDownTest - Selected Option: Item 59
2026-06-15 22:23:40 INFO  DropDownTest - Scrolling Dropdown Test Passed
2026-06-15 22:23:40 INFO  MouseHoverTest - Mouse Hover and Laptops Click Successful
2026-06-15 22:23:44 INFO  AlertTest - Prompt Alert Accept Test Started
2026-06-15 22:23:44 INFO  LabelLinkTest - Mobile Labels Test Started
2026-06-15 22:23:44 INFO  LabelLinkTest - Mobile Label : Samsung
2026-06-15 22:23:44 INFO  LabelLinkTest - Mobile Label : Real Me
2026-06-15 22:23:44 INFO  LabelLinkTest - Mobile Label : Moto
2026-06-15 22:23:44 INFO  LabelLinkTest - Mobile Labels Test Passed
2026-06-15 22:23:44 INFO  AlertTest - Prompt Alert Result : Hello David! How are you today?
2026-06-15 22:23:44 INFO  ShadowDomTest - Shadow DOM Test Started
2026-06-15 22:23:44 INFO  ShadowDomTest - Mobile Label : Mobiles
2026-06-15 22:23:44 INFO  ShadowDomTest - Laptop Label : Laptops
2026-06-15 22:23:44 INFO  ShadowDomTest - Blog Link : Blog
2026-06-15 22:23:44 INFO  ShadowDomTest - Entered Text : Shadow DOM Testing
2026-06-15 22:23:44 INFO  ShadowDomTest - CheckBox Selected : true
2026-06-15 22:23:44 INFO  ShadowDomTest - Uploaded File : C:\fakepath\sample.txt
2026-06-15 22:23:44 INFO  ShadowDomTest - Youtube Link : Youtube
2026-06-15 22:23:44 INFO  ShadowDomTest - Shadow DOM Test Passed
2026-06-15 22:23:49 INFO  LabelLinkTest - Laptop Links Test Started
2026-06-15 22:23:49 INFO  LabelLinkTest - Laptop Link : Apple
2026-06-15 22:23:49 INFO  LabelLinkTest - Laptop Link : Lenovo
2026-06-15 22:23:49 INFO  LabelLinkTest - Laptop Link : Dell
2026-06-15 22:23:49 INFO  LabelLinkTest - Laptop Links Test Passed
2026-06-15 22:23:49 INFO  AlertTest - Prompt Alert Dismiss Test Started
2026-06-15 22:23:49 INFO  AlertTest - Prompt Alert Result : User cancelled the prompt.
2026-06-15 22:23:54 INFO  LabelLinkTest - Broken Links Test Started
2026-06-15 22:24:00 INFO  LabelLinkTest - Errorcode 400 -> 400
2026-06-15 22:24:00 INFO  LabelLinkTest - Errorcode 401 -> 401
2026-06-15 22:24:00 INFO  LabelLinkTest - Errorcode 403 -> 403
2026-06-15 22:24:00 INFO  LabelLinkTest - Errorcode 404 -> 404
2026-06-15 22:24:00 INFO  LabelLinkTest - Errorcode 408 -> 408
2026-06-15 22:24:00 INFO  LabelLinkTest - Errorcode 500 -> 500
2026-06-15 22:24:00 INFO  LabelLinkTest - Errorcode 502 -> 502
2026-06-15 22:24:00 INFO  LabelLinkTest - Errorcode 503 -> 503
2026-06-15 22:24:00 INFO  LabelLinkTest - Broken Links Test Passed
2026-06-15 22:25:55 INFO  DateTest - Date Picker 1 started
2026-06-15 22:25:55 INFO  UploadTest - Single File Upload Started
2026-06-15 22:25:55 INFO  GUIFormTest - Form Test Started
2026-06-15 22:25:55 INFO  TableTest - Book Detail Fetch Start
2026-06-15 22:25:55 INFO  GUIFormTest - Entering Name
2026-06-15 22:25:55 INFO  GUIFormTest - Entering Email
2026-06-15 22:25:55 INFO  UploadTest - Upload Message : Single file selected: sample.txt, Size: 21 bytes, Type: text/plain
2026-06-15 22:25:55 INFO  UploadTest - Single File Upload Assertion Passed
2026-06-15 22:25:55 INFO  TableTest - Maximum Price Book Details:
 [Master In Selenium, Mukesh, Selenium, 3000]
2026-06-15 22:25:55 INFO  TableTest - Maximum Price Book Assertion Passed
2026-06-15 22:25:55 INFO  TableTest - Book Details Fetched Successfully
2026-06-15 22:25:55 INFO  GUIFormTest - Entering Phone
2026-06-15 22:25:55 INFO  GUIFormTest - Entering Address
2026-06-15 22:25:55 INFO  GUIFormTest - Entering Gender
2026-06-15 22:25:56 INFO  GUIFormTest - Entering Days
2026-06-15 22:25:56 INFO  GUIFormTest - Entering Country
2026-06-15 22:25:56 INFO  GUIFormTest - Name Assertion Passed
2026-06-15 22:25:56 INFO  GUIFormTest - Email Assertion Passed
2026-06-15 22:25:56 INFO  GUIFormTest - Phone Assertion Passed
2026-06-15 22:25:56 INFO  GUIFormTest - Address Assertion Passed
2026-06-15 22:25:56 INFO  ListTest - Single Color Test
2026-06-15 22:25:56 INFO  GUIFormTest - Country Assertion Passed
2026-06-15 22:25:56 INFO  GUIFormTest - Form Test Completed
2026-06-15 22:25:58 INFO  ListTest - Single Animal Test
2026-06-15 22:25:58 INFO  DateTest - Date Picker 1 Assertion Passed
2026-06-15 22:25:58 INFO  ListTest - Single color Assertion Passed
2026-06-15 22:25:59 INFO  ListTest - Single Animal Assertion Passed
2026-06-15 22:26:01 INFO  UploadTest - Multiple File Upload Started
2026-06-15 22:26:01 INFO  UploadTest - Upload Message : Multiple files selected:
demo.txt, Size: 19 bytes, Type: text/plain
sample.txt, Size: 21 bytes, Type: text/plain
2026-06-15 22:26:01 INFO  UploadTest - Multiple File Upload Assertion 1 Passed
2026-06-15 22:26:01 INFO  UploadTest - Multiple File Upload Assertion 2 Passed
2026-06-15 22:26:01 INFO  UploadTest - Multiple File Upload Completed
2026-06-15 22:26:02 INFO  GUIFormTest - Form Test Started
2026-06-15 22:26:02 INFO  GUIFormTest - Entering Name
2026-06-15 22:26:02 INFO  GUIFormTest - Entering Email
2026-06-15 22:26:02 INFO  GUIFormTest - Entering Phone
2026-06-15 22:26:02 INFO  GUIFormTest - Entering Address
2026-06-15 22:26:02 INFO  GUIFormTest - Entering Gender
2026-06-15 22:26:02 INFO  GUIFormTest - Entering Days
2026-06-15 22:26:02 INFO  GUIFormTest - Entering Country
2026-06-15 22:26:02 INFO  GUIFormTest - Name Assertion Passed
2026-06-15 22:26:02 INFO  GUIFormTest - Email Assertion Passed
2026-06-15 22:26:02 INFO  GUIFormTest - Phone Assertion Passed
2026-06-15 22:26:02 INFO  GUIFormTest - Address Assertion Passed
2026-06-15 22:26:02 INFO  GUIFormTest - Country Assertion Passed
2026-06-15 22:26:02 INFO  GUIFormTest - Form Test Completed
2026-06-15 22:26:04 INFO  ListTest - Multiple Color Test
2026-06-15 22:26:06 INFO  TableTest - Verifying Dynamic Table Details
2026-06-15 22:26:06 INFO  TableTest - CPU load of Chrome process: 1.5%
2026-06-15 22:26:06 INFO  TableTest - Memory Size of Firefox process: 35.7 MB
2026-06-15 22:26:06 INFO  TableTest - Network speed of Chrome process: 7.3 Mbps
2026-06-15 22:26:06 INFO  TableTest - Disk space of Firefox process: 0.40 MB/s
2026-06-15 22:26:06 INFO  TableTest - Dynamic Table Assertion Passed
2026-06-15 22:26:06 INFO  TableTest - Dynamic Table Details Fetched
2026-06-15 22:26:07 INFO  ListTest - Multiple Animal Test
2026-06-15 22:26:07 INFO  FormTest - Form Test Started
2026-06-15 22:26:07 INFO  DateTest - Date Picker 2 started
2026-06-15 22:26:08 INFO  ListTest - Multiple color Assertion Passed
2026-06-15 22:26:08 INFO  HiddenAjaxTest - Hidden Ajax Test Started
2026-06-15 22:26:08 INFO  ListTest - Multiple Animal Assertion Passed
2026-06-15 22:26:08 INFO  FormTest - Section 1 Assertion Passed
2026-06-15 22:26:08 INFO  FormTest - Section 2 Assertion Passed
2026-06-15 22:26:08 INFO  FormTest - Section 3 Assertion Passed
2026-06-15 22:26:08 INFO  FormTest - Form Test Completed
2026-06-15 22:26:08 INFO  DateTest - Date Picker 2 Assertion Passed
2026-06-15 22:26:12 INFO  TableTest - Verifying Pagination Table Details
2026-06-15 22:26:12 INFO  TableTest - Selected Row Details: [8, Action Camera, $15.99, ]
2026-06-15 22:26:12 INFO  TableTest - Pagination Table Assertion Passed
2026-06-15 22:26:12 INFO  TableTest - Pagination Table Details Fetched
2026-06-15 22:26:13 INFO  DownloadFilesTest - Download File Test Started
2026-06-15 22:26:13 INFO  TabTest - Wiki Pedia Search Test
2026-06-15 22:26:13 INFO  DateTest - Date Picker 3 started
2026-06-15 22:26:14 INFO  DateTest - Date Range Result :
You selected a range of 15 days.
2026-06-15 22:26:14 INFO  DateTest - Date Picker 3 Assertion Passed
2026-06-15 22:26:14 INFO  HiddenAjaxTest - Ajax Status Assertion Passed
2026-06-15 22:26:14 INFO  HiddenAjaxTest - Hidden Ajax Test Completed
2026-06-15 22:26:17 INFO  TabTest - Total Result Found: 5
2026-06-15 22:26:18 INFO  DynamicButtonTest - Dynamic Button Test Started
2026-06-15 22:26:18 INFO  DynamicButtonTest - Clicking START Button
2026-06-15 22:26:18 INFO  DynamicButtonTest - STOP Button Displayed
2026-06-15 22:26:19 INFO  AlertTest - Simple Alert Test Started
2026-06-15 22:26:19 INFO  AlertTest - Simple Alert Accepted Successfully
2026-06-15 22:26:20 INFO  MouseHoverTest - Mouse Hover Test 1
2026-06-15 22:26:20 INFO  DynamicButtonTest - Clicking STOP Button
2026-06-15 22:26:20 INFO  DynamicButtonTest - START Button Displayed Again
2026-06-15 22:26:20 INFO  DynamicButtonTest - Dynamic Button Test Passed
2026-06-15 22:26:21 INFO  MouseHoverTest - Mouse Hover and Mobiles Click Successful
2026-06-15 22:26:22 INFO  DoubleClickTest - Double Click Test Started
2026-06-15 22:26:22 INFO  DoubleClickTest - Original Text : Hello World!
2026-06-15 22:26:22 INFO  DoubleClickTest - Copied Text   : Hello World!
2026-06-15 22:26:22 INFO  DoubleClickTest - Double Click Test Passed
2026-06-15 22:26:24 INFO  AlertTest - Confirm Alert Accept Test Started
2026-06-15 22:26:25 INFO  AlertTest - Confirm Alert Result : You pressed OK!
2026-06-15 22:26:25 INFO  DragDropTest - Drag and Drop Test Started
2026-06-15 22:26:25 INFO  DragDropTest - Drag and Drop Test Passed
2026-06-15 22:26:25 INFO  DragDropTest - Drop Result: Dropped!
2026-06-15 22:26:26 INFO  DownloadFilesTest - Current URL : https://testautomationpractice.blogspot.com/p/download-files_25.html
2026-06-15 22:26:26 INFO  DownloadFilesTest - Download Files Test Passed
2026-06-15 22:26:26 INFO  MouseHoverTest - Mouse Hover Test 2
2026-06-15 22:26:28 INFO  MouseHoverTest - Mouse Hover and Laptops Click Successful
2026-06-15 22:26:30 INFO  AlertTest - Confirm Alert Dismiss Test Started
2026-06-15 22:26:30 INFO  AlertTest - Confirm Alert Result : You pressed Cancel!
2026-06-15 22:26:30 INFO  SvgTest - Starting Svg Element Test
2026-06-15 22:26:31 INFO  SliderTest - Slider moved successfully
2026-06-15 22:26:31 INFO  DropDownTest - Scrolling Dropdown Test Started
2026-06-15 22:26:32 INFO  SvgTest - Red Circle Displayed : true
2026-06-15 22:26:32 INFO  SvgTest - Green Rectangle Displayed : true
2026-06-15 22:26:32 INFO  SvgTest - Blue Triangle Displayed : true
2026-06-15 22:26:32 INFO  SvgTest - Svg Element Test Completed
2026-06-15 22:26:32 INFO  DropDownTest - Selected Option: Item 59
2026-06-15 22:26:32 INFO  DropDownTest - Scrolling Dropdown Test Passed
2026-06-15 22:26:33 INFO  LabelLinkTest - Mobile Labels Test Started
2026-06-15 22:26:33 INFO  LabelLinkTest - Mobile Label : Samsung
2026-06-15 22:26:33 INFO  LabelLinkTest - Mobile Label : Real Me
2026-06-15 22:26:33 INFO  LabelLinkTest - Mobile Label : Moto
2026-06-15 22:26:33 INFO  LabelLinkTest - Mobile Labels Test Passed
2026-06-15 22:26:36 INFO  AlertTest - Prompt Alert Accept Test Started
2026-06-15 22:26:36 INFO  AlertTest - Prompt Alert Result : Hello David! How are you today?
2026-06-15 22:26:36 INFO  ShadowDomTest - Shadow DOM Test Started
2026-06-15 22:26:36 INFO  ShadowDomTest - Mobile Label : Mobiles
2026-06-15 22:26:36 INFO  ShadowDomTest - Laptop Label : Laptops
2026-06-15 22:26:36 INFO  ShadowDomTest - Blog Link : Blog
2026-06-15 22:26:36 INFO  ShadowDomTest - Entered Text : Shadow DOM Testing
2026-06-15 22:26:36 INFO  ShadowDomTest - CheckBox Selected : true
2026-06-15 22:26:36 INFO  ShadowDomTest - Uploaded File : C:\fakepath\sample.txt
2026-06-15 22:26:36 INFO  ShadowDomTest - Youtube Link : Youtube
2026-06-15 22:26:36 INFO  ShadowDomTest - Shadow DOM Test Passed
2026-06-15 22:26:38 INFO  LabelLinkTest - Laptop Links Test Started
2026-06-15 22:26:38 INFO  LabelLinkTest - Laptop Link : Apple
2026-06-15 22:26:38 INFO  LabelLinkTest - Laptop Link : Lenovo
2026-06-15 22:26:38 INFO  LabelLinkTest - Laptop Link : Dell
2026-06-15 22:26:38 INFO  LabelLinkTest - Laptop Links Test Passed
2026-06-15 22:26:41 INFO  AlertTest - Prompt Alert Dismiss Test Started
2026-06-15 22:26:41 INFO  AlertTest - Prompt Alert Result : User cancelled the prompt.
2026-06-15 22:26:43 INFO  LabelLinkTest - Broken Links Test Started
2026-06-15 22:26:49 INFO  LabelLinkTest - Errorcode 400 -> 400
2026-06-15 22:26:49 INFO  LabelLinkTest - Errorcode 401 -> 401
2026-06-15 22:26:49 INFO  LabelLinkTest - Errorcode 403 -> 403
2026-06-15 22:26:49 INFO  LabelLinkTest - Errorcode 404 -> 404
2026-06-15 22:26:49 INFO  LabelLinkTest - Errorcode 408 -> 408
2026-06-15 22:26:49 INFO  LabelLinkTest - Errorcode 500 -> 500
2026-06-15 22:26:49 INFO  LabelLinkTest - Errorcode 502 -> 502
2026-06-15 22:26:49 INFO  LabelLinkTest - Errorcode 503 -> 503
2026-06-15 22:26:49 INFO  LabelLinkTest - Broken Links Test Passed
2026-06-15 22:29:53 INFO  GUIFormTest - Form Test Started
2026-06-15 22:29:53 INFO  UploadTest - Single File Upload Started
2026-06-15 22:29:53 INFO  TableTest - Book Detail Fetch Start
2026-06-15 22:29:53 INFO  ListTest - Single Color Test
2026-06-15 22:29:53 INFO  DateTest - Date Picker 1 started
2026-06-15 22:29:53 INFO  GUIFormTest - Entering Name
2026-06-15 22:29:53 INFO  GUIFormTest - Entering Email
2026-06-15 22:29:53 INFO  TableTest - Maximum Price Book Details:
 [Master In Selenium, Mukesh, Selenium, 3000]
2026-06-15 22:29:53 INFO  TableTest - Maximum Price Book Assertion Passed
2026-06-15 22:29:53 INFO  TableTest - Book Details Fetched Successfully
2026-06-15 22:29:53 INFO  UploadTest - Upload Message : Single file selected: sample.txt, Size: 21 bytes, Type: text/plain
2026-06-15 22:29:53 INFO  UploadTest - Single File Upload Assertion Passed
2026-06-15 22:29:54 INFO  GUIFormTest - Entering Phone
2026-06-15 22:29:54 INFO  GUIFormTest - Entering Address
2026-06-15 22:29:54 INFO  GUIFormTest - Entering Gender
2026-06-15 22:29:54 INFO  GUIFormTest - Entering Days
2026-06-15 22:29:54 INFO  GUIFormTest - Entering Country
2026-06-15 22:29:54 INFO  GUIFormTest - Name Assertion Passed
2026-06-15 22:29:54 INFO  GUIFormTest - Email Assertion Passed
2026-06-15 22:29:54 INFO  GUIFormTest - Phone Assertion Passed
2026-06-15 22:29:54 INFO  GUIFormTest - Address Assertion Passed
2026-06-15 22:29:54 INFO  GUIFormTest - Country Assertion Passed
2026-06-15 22:29:54 INFO  GUIFormTest - Form Test Completed
2026-06-15 22:29:56 INFO  ListTest - Single Animal Test
2026-06-15 22:29:56 INFO  ListTest - Single color Assertion Passed
2026-06-15 22:29:56 INFO  ListTest - Single Animal Assertion Passed
2026-06-15 22:29:57 INFO  DateTest - Date Picker 1 Assertion Passed
2026-06-15 22:29:59 INFO  UploadTest - Multiple File Upload Started
2026-06-15 22:30:00 INFO  TableTest - Verifying Dynamic Table Details
2026-06-15 22:30:00 INFO  TableTest - CPU load of Chrome process: 8.6%
2026-06-15 22:30:00 INFO  TableTest - Memory Size of Firefox process: 47.0 MB
2026-06-15 22:30:00 INFO  TableTest - Network speed of Chrome process: 3.9 Mbps
2026-06-15 22:30:00 INFO  TableTest - Disk space of Firefox process: 0.65 MB/s
2026-06-15 22:30:00 INFO  TableTest - Dynamic Table Assertion Passed
2026-06-15 22:30:00 INFO  TableTest - Dynamic Table Details Fetched
2026-06-15 22:30:00 INFO  UploadTest - Upload Message : Multiple files selected:
demo.txt, Size: 19 bytes, Type: text/plain
sample.txt, Size: 21 bytes, Type: text/plain
2026-06-15 22:30:00 INFO  UploadTest - Multiple File Upload Assertion 1 Passed
2026-06-15 22:30:00 INFO  UploadTest - Multiple File Upload Assertion 2 Passed
2026-06-15 22:30:00 INFO  UploadTest - Multiple File Upload Completed
2026-06-15 22:30:00 INFO  GUIFormTest - Form Test Started
2026-06-15 22:30:00 INFO  GUIFormTest - Entering Name
2026-06-15 22:30:00 INFO  GUIFormTest - Entering Email
2026-06-15 22:30:00 INFO  GUIFormTest - Entering Phone
2026-06-15 22:30:00 INFO  GUIFormTest - Entering Address
2026-06-15 22:30:00 INFO  GUIFormTest - Entering Gender
2026-06-15 22:30:00 INFO  GUIFormTest - Entering Days
2026-06-15 22:30:00 INFO  GUIFormTest - Entering Country
2026-06-15 22:30:00 INFO  GUIFormTest - Name Assertion Passed
2026-06-15 22:30:00 INFO  GUIFormTest - Email Assertion Passed
2026-06-15 22:30:00 INFO  GUIFormTest - Phone Assertion Passed
2026-06-15 22:30:00 INFO  GUIFormTest - Address Assertion Passed
2026-06-15 22:30:00 INFO  GUIFormTest - Country Assertion Passed
2026-06-15 22:30:00 INFO  GUIFormTest - Form Test Completed
2026-06-15 22:30:02 INFO  ListTest - Multiple Color Test
2026-06-15 22:30:02 INFO  DateTest - Date Picker 2 started
2026-06-15 22:30:03 INFO  DateTest - Date Picker 2 Assertion Passed
2026-06-15 22:30:05 INFO  ListTest - Multiple Animal Test
2026-06-15 22:30:05 INFO  TableTest - Verifying Pagination Table Details
2026-06-15 22:30:05 INFO  FormTest - Form Test Started
2026-06-15 22:30:05 INFO  ListTest - Multiple color Assertion Passed
2026-06-15 22:30:05 INFO  FormTest - Section 1 Assertion Passed
2026-06-15 22:30:05 INFO  FormTest - Section 2 Assertion Passed
2026-06-15 22:30:05 INFO  FormTest - Section 3 Assertion Passed
2026-06-15 22:30:05 INFO  FormTest - Form Test Completed
2026-06-15 22:30:05 INFO  ListTest - Multiple Animal Assertion Passed
2026-06-15 22:30:06 INFO  TableTest - Selected Row Details: [8, Action Camera, $15.99, ]
2026-06-15 22:30:06 INFO  TableTest - Pagination Table Assertion Passed
2026-06-15 22:30:06 INFO  TableTest - Pagination Table Details Fetched
2026-06-15 22:30:06 INFO  HiddenAjaxTest - Hidden Ajax Test Started
2026-06-15 22:30:08 INFO  DateTest - Date Picker 3 started
2026-06-15 22:30:08 INFO  DateTest - Date Range Result :
You selected a range of 15 days.
2026-06-15 22:30:08 INFO  DateTest - Date Picker 3 Assertion Passed
2026-06-15 22:30:10 INFO  DownloadFilesTest - Download File Test Started
2026-06-15 22:30:11 INFO  TabTest - Wiki Pedia Search Test
2026-06-15 22:30:11 INFO  DynamicButtonTest - Dynamic Button Test Started
2026-06-15 22:30:11 INFO  DynamicButtonTest - Clicking START Button
2026-06-15 22:30:11 INFO  DynamicButtonTest - STOP Button Displayed
2026-06-15 22:30:12 INFO  HiddenAjaxTest - Ajax Status Assertion Passed
2026-06-15 22:30:12 INFO  HiddenAjaxTest - Hidden Ajax Test Completed
2026-06-15 22:30:13 INFO  DynamicButtonTest - Clicking STOP Button
2026-06-15 22:30:13 INFO  DynamicButtonTest - START Button Displayed Again
2026-06-15 22:30:13 INFO  DynamicButtonTest - Dynamic Button Test Passed
2026-06-15 22:30:13 INFO  AlertTest - Simple Alert Test Started
2026-06-15 22:30:13 INFO  AlertTest - Simple Alert Accepted Successfully
2026-06-15 22:30:14 INFO  TabTest - Total Result Found: 5
2026-06-15 22:30:18 INFO  MouseHoverTest - Mouse Hover Test 1
2026-06-15 22:30:18 INFO  DoubleClickTest - Double Click Test Started
2026-06-15 22:30:19 INFO  DoubleClickTest - Original Text : Hello World!
2026-06-15 22:30:19 INFO  AlertTest - Confirm Alert Accept Test Started
2026-06-15 22:30:19 INFO  DoubleClickTest - Copied Text   : Hello World!
2026-06-15 22:30:19 INFO  DoubleClickTest - Double Click Test Passed
2026-06-15 22:30:19 INFO  AlertTest - Confirm Alert Result : You pressed OK!
2026-06-15 22:30:19 INFO  DragDropTest - Drag and Drop Test Started
2026-06-15 22:30:19 INFO  DragDropTest - Drag and Drop Test Passed
2026-06-15 22:30:19 INFO  DragDropTest - Drop Result: Dropped!
2026-06-15 22:30:20 INFO  MouseHoverTest - Mouse Hover and Mobiles Click Successful
2026-06-15 22:30:23 INFO  SvgTest - Starting Svg Element Test
2026-06-15 22:30:23 INFO  DownloadFilesTest - Current URL : https://testautomationpractice.blogspot.com/p/download-files_25.html
2026-06-15 22:30:23 INFO  DownloadFilesTest - Download Files Test Passed
2026-06-15 22:30:28 INFO  SliderTest - Slider moved successfully
2026-06-15 22:30:28 INFO  DropDownTest - Scrolling Dropdown Test Started
2026-06-15 22:30:28 INFO  AlertTest - Confirm Alert Dismiss Test Started
2026-06-15 22:30:28 INFO  AlertTest - Confirm Alert Result : You pressed Cancel!
2026-06-15 22:30:29 INFO  DropDownTest - Selected Option: Item 59
2026-06-15 22:30:29 INFO  DropDownTest - Scrolling Dropdown Test Passed
2026-06-15 22:30:29 INFO  SvgTest - Red Circle Displayed : true
2026-06-15 22:30:29 INFO  SvgTest - Green Rectangle Displayed : true
2026-06-15 22:30:29 INFO  SvgTest - Blue Triangle Displayed : true
2026-06-15 22:30:29 INFO  SvgTest - Svg Element Test Completed
2026-06-15 22:30:33 INFO  LabelLinkTest - Mobile Labels Test Started
2026-06-15 22:30:33 INFO  LabelLinkTest - Mobile Label : Samsung
2026-06-15 22:30:33 INFO  LabelLinkTest - Mobile Label : Real Me
2026-06-15 22:30:33 INFO  LabelLinkTest - Mobile Label : Moto
2026-06-15 22:30:33 INFO  LabelLinkTest - Mobile Labels Test Passed
2026-06-15 22:30:34 INFO  MouseHoverTest - Mouse Hover Test 2
2026-06-15 22:30:34 INFO  ShadowDomTest - Shadow DOM Test Started
2026-06-15 22:30:34 INFO  ShadowDomTest - Mobile Label : Mobiles
2026-06-15 22:30:34 INFO  ShadowDomTest - Laptop Label : Laptops
2026-06-15 22:30:34 INFO  ShadowDomTest - Blog Link : Blog
2026-06-15 22:30:34 INFO  ShadowDomTest - Entered Text : Shadow DOM Testing
2026-06-15 22:30:34 INFO  ShadowDomTest - CheckBox Selected : true
2026-06-15 22:30:34 INFO  ShadowDomTest - Uploaded File : C:\fakepath\sample.txt
2026-06-15 22:30:34 INFO  ShadowDomTest - Youtube Link : Youtube
2026-06-15 22:30:34 INFO  ShadowDomTest - Shadow DOM Test Passed
2026-06-15 22:30:35 INFO  MouseHoverTest - Mouse Hover and Laptops Click Successful
2026-06-15 22:30:35 INFO  AlertTest - Prompt Alert Accept Test Started
2026-06-15 22:30:35 INFO  AlertTest - Prompt Alert Result : Hello David! How are you today?
2026-06-15 22:30:37 INFO  AlertTest - Prompt Alert Dismiss Test Started
2026-06-15 22:30:38 INFO  LabelLinkTest - Laptop Links Test Started
2026-06-15 22:30:38 INFO  LabelLinkTest - Laptop Link : Apple
2026-06-15 22:30:38 INFO  LabelLinkTest - Laptop Link : Lenovo
2026-06-15 22:30:38 INFO  LabelLinkTest - Laptop Link : Dell
2026-06-15 22:30:38 INFO  LabelLinkTest - Laptop Links Test Passed
2026-06-15 22:30:40 INFO  AlertTest - Prompt Alert Result : User cancelled the prompt.
2026-06-15 22:30:44 INFO  LabelLinkTest - Broken Links Test Started
2026-06-15 22:30:49 INFO  LabelLinkTest - Errorcode 400 -> 400
2026-06-15 22:30:49 INFO  LabelLinkTest - Errorcode 401 -> 401
2026-06-15 22:30:49 INFO  LabelLinkTest - Errorcode 403 -> 403
2026-06-15 22:30:49 INFO  LabelLinkTest - Errorcode 404 -> 404
2026-06-15 22:30:49 INFO  LabelLinkTest - Errorcode 408 -> 408
2026-06-15 22:30:49 INFO  LabelLinkTest - Errorcode 500 -> 500
2026-06-15 22:30:49 INFO  LabelLinkTest - Errorcode 502 -> 502
2026-06-15 22:30:49 INFO  LabelLinkTest - Errorcode 503 -> 503
2026-06-15 22:30:49 INFO  LabelLinkTest - Broken Links Test Passed
2026-06-15 22:31:43 INFO  TableTest - Book Detail Fetch Start
2026-06-15 22:31:43 INFO  GUIFormTest - Form Test Started
2026-06-15 22:31:43 INFO  UploadTest - Single File Upload Started
2026-06-15 22:31:43 INFO  DateTest - Date Picker 1 started
2026-06-15 22:31:43 INFO  GUIFormTest - Entering Name
2026-06-15 22:31:43 INFO  GUIFormTest - Entering Email
2026-06-15 22:31:43 INFO  TableTest - Maximum Price Book Details:
 [Master In Selenium, Mukesh, Selenium, 3000]
2026-06-15 22:31:43 INFO  TableTest - Maximum Price Book Assertion Passed
2026-06-15 22:31:43 INFO  TableTest - Book Details Fetched Successfully
2026-06-15 22:31:43 INFO  UploadTest - Upload Message : Single file selected: sample.txt, Size: 21 bytes, Type: text/plain
2026-06-15 22:31:43 INFO  UploadTest - Single File Upload Assertion Passed
2026-06-15 22:31:43 INFO  GUIFormTest - Entering Phone
2026-06-15 22:31:43 INFO  GUIFormTest - Entering Address
2026-06-15 22:31:43 INFO  GUIFormTest - Entering Gender
2026-06-15 22:31:43 INFO  GUIFormTest - Entering Days
2026-06-15 22:31:43 INFO  GUIFormTest - Entering Country
2026-06-15 22:31:43 INFO  GUIFormTest - Name Assertion Passed
2026-06-15 22:31:43 INFO  GUIFormTest - Email Assertion Passed
2026-06-15 22:31:44 INFO  GUIFormTest - Phone Assertion Passed
2026-06-15 22:31:44 INFO  GUIFormTest - Address Assertion Passed
2026-06-15 22:31:44 INFO  ListTest - Single Color Test
2026-06-15 22:31:44 INFO  GUIFormTest - Country Assertion Passed
2026-06-15 22:31:44 INFO  GUIFormTest - Form Test Completed
2026-06-15 22:31:46 INFO  ListTest - Single Animal Test
2026-06-15 22:31:46 INFO  ListTest - Single color Assertion Passed
2026-06-15 22:31:46 INFO  DateTest - Date Picker 1 Assertion Passed
2026-06-15 22:31:46 INFO  ListTest - Single Animal Assertion Passed
2026-06-15 22:31:49 INFO  UploadTest - Multiple File Upload Started
2026-06-15 22:31:49 INFO  TableTest - Verifying Dynamic Table Details
2026-06-15 22:31:49 INFO  TableTest - CPU load of Chrome process: 9.2%
2026-06-15 22:31:49 INFO  TableTest - Memory Size of Firefox process: 48.8 MB
2026-06-15 22:31:49 INFO  TableTest - Network speed of Chrome process: 7.8 Mbps
2026-06-15 22:31:49 INFO  TableTest - Disk space of Firefox process: 0.47 MB/s
2026-06-15 22:31:49 INFO  TableTest - Dynamic Table Assertion Passed
2026-06-15 22:31:49 INFO  TableTest - Dynamic Table Details Fetched
2026-06-15 22:31:49 INFO  UploadTest - Upload Message : Multiple files selected:
demo.txt, Size: 19 bytes, Type: text/plain
sample.txt, Size: 21 bytes, Type: text/plain
2026-06-15 22:31:49 INFO  UploadTest - Multiple File Upload Assertion 1 Passed
2026-06-15 22:31:49 INFO  UploadTest - Multiple File Upload Assertion 2 Passed
2026-06-15 22:31:49 INFO  UploadTest - Multiple File Upload Completed
2026-06-15 22:31:49 INFO  GUIFormTest - Form Test Started
2026-06-15 22:31:49 INFO  GUIFormTest - Entering Name
2026-06-15 22:31:50 INFO  GUIFormTest - Entering Email
2026-06-15 22:31:50 INFO  GUIFormTest - Entering Phone
2026-06-15 22:31:50 INFO  GUIFormTest - Entering Address
2026-06-15 22:31:50 INFO  GUIFormTest - Entering Gender
2026-06-15 22:31:50 INFO  GUIFormTest - Entering Days
2026-06-15 22:31:50 INFO  GUIFormTest - Entering Country
2026-06-15 22:31:50 INFO  GUIFormTest - Name Assertion Passed
2026-06-15 22:31:50 INFO  GUIFormTest - Email Assertion Passed
2026-06-15 22:31:50 INFO  GUIFormTest - Phone Assertion Passed
2026-06-15 22:31:50 INFO  GUIFormTest - Address Assertion Passed
2026-06-15 22:31:50 INFO  GUIFormTest - Country Assertion Passed
2026-06-15 22:31:50 INFO  GUIFormTest - Form Test Completed
2026-06-15 22:31:51 INFO  ListTest - Multiple Color Test
2026-06-15 22:31:51 INFO  DateTest - Date Picker 2 started
2026-06-15 22:31:52 INFO  DateTest - Date Picker 2 Assertion Passed
2026-06-15 22:31:54 INFO  ListTest - Multiple Animal Test
2026-06-15 22:31:54 INFO  FormTest - Form Test Started
2026-06-15 22:31:54 INFO  TableTest - Verifying Pagination Table Details
2026-06-15 22:31:55 INFO  FormTest - Section 1 Assertion Passed
2026-06-15 22:31:55 INFO  FormTest - Section 2 Assertion Passed
2026-06-15 22:31:55 INFO  FormTest - Section 3 Assertion Passed
2026-06-15 22:31:55 INFO  FormTest - Form Test Completed
2026-06-15 22:31:55 INFO  ListTest - Multiple color Assertion Passed
2026-06-15 22:31:55 INFO  ListTest - Multiple Animal Assertion Passed
2026-06-15 22:31:55 INFO  TableTest - Selected Row Details: [8, Action Camera, $15.99, ]
2026-06-15 22:31:55 INFO  TableTest - Pagination Table Assertion Passed
2026-06-15 22:31:55 INFO  TableTest - Pagination Table Details Fetched
2026-06-15 22:31:55 INFO  HiddenAjaxTest - Hidden Ajax Test Started
2026-06-15 22:31:57 INFO  DateTest - Date Picker 3 started
2026-06-15 22:31:57 INFO  DateTest - Date Range Result :
You selected a range of 15 days.
2026-06-15 22:31:57 INFO  DateTest - Date Picker 3 Assertion Passed
2026-06-15 22:32:00 INFO  DownloadFilesTest - Download File Test Started
2026-06-15 22:32:00 INFO  DynamicButtonTest - Dynamic Button Test Started
2026-06-15 22:32:00 INFO  DynamicButtonTest - Clicking START Button
2026-06-15 22:32:00 INFO  DynamicButtonTest - STOP Button Displayed
2026-06-15 22:32:01 INFO  TabTest - Wiki Pedia Search Test
2026-06-15 22:32:02 INFO  HiddenAjaxTest - Ajax Status Assertion Passed
2026-06-15 22:32:02 INFO  HiddenAjaxTest - Hidden Ajax Test Completed
2026-06-15 22:32:02 INFO  DynamicButtonTest - Clicking STOP Button
2026-06-15 22:32:02 INFO  AlertTest - Simple Alert Test Started
2026-06-15 22:32:03 INFO  DynamicButtonTest - START Button Displayed Again
2026-06-15 22:32:03 INFO  DynamicButtonTest - Dynamic Button Test Passed
2026-06-15 22:32:03 INFO  AlertTest - Simple Alert Accepted Successfully
2026-06-15 22:32:04 INFO  TabTest - Total Result Found: 5
2026-06-15 22:32:07 INFO  MouseHoverTest - Mouse Hover Test 1
2026-06-15 22:32:08 INFO  DoubleClickTest - Double Click Test Started
2026-06-15 22:32:08 INFO  DoubleClickTest - Original Text : Hello World!
2026-06-15 22:32:08 INFO  DoubleClickTest - Copied Text   : Hello World!
2026-06-15 22:32:08 INFO  DoubleClickTest - Double Click Test Passed
2026-06-15 22:32:08 INFO  AlertTest - Confirm Alert Accept Test Started
2026-06-15 22:32:08 INFO  AlertTest - Confirm Alert Result : You pressed OK!
2026-06-15 22:32:09 INFO  MouseHoverTest - Mouse Hover and Mobiles Click Successful
2026-06-15 22:32:09 INFO  DragDropTest - Drag and Drop Test Started
2026-06-15 22:32:09 INFO  DragDropTest - Drag and Drop Test Passed
2026-06-15 22:32:09 INFO  DragDropTest - Drop Result: Dropped!
2026-06-15 22:32:12 INFO  MouseHoverTest - Mouse Hover Test 2
2026-06-15 22:32:13 INFO  DownloadFilesTest - Current URL : https://testautomationpractice.blogspot.com/p/download-files_25.html
2026-06-15 22:32:13 INFO  DownloadFilesTest - Download Files Test Passed
2026-06-15 22:32:15 INFO  AlertTest - Confirm Alert Dismiss Test Started
2026-06-15 22:32:15 INFO  AlertTest - Confirm Alert Result : You pressed Cancel!
2026-06-15 22:32:17 INFO  SvgTest - Starting Svg Element Test
2026-06-15 22:32:17 INFO  SliderTest - Slider moved successfully
2026-06-15 22:32:17 INFO  MouseHoverTest - Mouse Hover and Laptops Click Successful
2026-06-15 22:32:18 INFO  SvgTest - Red Circle Displayed : true
2026-06-15 22:32:18 INFO  SvgTest - Green Rectangle Displayed : true
2026-06-15 22:32:18 INFO  SvgTest - Blue Triangle Displayed : true
2026-06-15 22:32:18 INFO  SvgTest - Svg Element Test Completed
2026-06-15 22:32:18 INFO  DropDownTest - Scrolling Dropdown Test Started
2026-06-15 22:32:19 INFO  DropDownTest - Selected Option: Item 59
2026-06-15 22:32:19 INFO  DropDownTest - Scrolling Dropdown Test Passed
2026-06-15 22:32:20 INFO  AlertTest - Prompt Alert Accept Test Started
2026-06-15 22:32:20 INFO  AlertTest - Prompt Alert Result : Hello David! How are you today?
2026-06-15 22:32:26 INFO  ShadowDomTest - Shadow DOM Test Started
2026-06-15 22:32:26 INFO  ShadowDomTest - Mobile Label : Mobiles
2026-06-15 22:32:26 INFO  ShadowDomTest - Laptop Label : Laptops
2026-06-15 22:32:26 INFO  ShadowDomTest - Blog Link : Blog
2026-06-15 22:32:26 INFO  ShadowDomTest - Entered Text : Shadow DOM Testing
2026-06-15 22:32:26 INFO  ShadowDomTest - CheckBox Selected : true
2026-06-15 22:32:26 INFO  LabelLinkTest - Mobile Labels Test Started
2026-06-15 22:32:26 INFO  ShadowDomTest - Uploaded File : C:\fakepath\sample.txt
2026-06-15 22:32:26 INFO  LabelLinkTest - Mobile Label : Samsung
2026-06-15 22:32:26 INFO  LabelLinkTest - Mobile Label : Real Me
2026-06-15 22:32:26 INFO  LabelLinkTest - Mobile Label : Moto
2026-06-15 22:32:26 INFO  LabelLinkTest - Mobile Labels Test Passed
2026-06-15 22:32:27 INFO  ShadowDomTest - Youtube Link : Youtube
2026-06-15 22:32:27 INFO  ShadowDomTest - Shadow DOM Test Passed
2026-06-15 22:32:27 INFO  AlertTest - Prompt Alert Dismiss Test Started
2026-06-15 22:32:27 INFO  AlertTest - Prompt Alert Result : User cancelled the prompt.
2026-06-15 22:32:32 INFO  LabelLinkTest - Laptop Links Test Started
2026-06-15 22:32:32 INFO  LabelLinkTest - Laptop Link : Apple
2026-06-15 22:32:32 INFO  LabelLinkTest - Laptop Link : Lenovo
2026-06-15 22:32:32 INFO  LabelLinkTest - Laptop Link : Dell
2026-06-15 22:32:32 INFO  LabelLinkTest - Laptop Links Test Passed
2026-06-15 22:32:37 INFO  LabelLinkTest - Broken Links Test Started
2026-06-15 22:32:42 INFO  LabelLinkTest - Errorcode 400 -> 400
2026-06-15 22:32:42 INFO  LabelLinkTest - Errorcode 401 -> 401
2026-06-15 22:32:42 INFO  LabelLinkTest - Errorcode 403 -> 403
2026-06-15 22:32:42 INFO  LabelLinkTest - Errorcode 404 -> 404
2026-06-15 22:32:42 INFO  LabelLinkTest - Errorcode 408 -> 408
2026-06-15 22:32:42 INFO  LabelLinkTest - Errorcode 500 -> 500
2026-06-15 22:32:42 INFO  LabelLinkTest - Errorcode 502 -> 502
2026-06-15 22:32:42 INFO  LabelLinkTest - Errorcode 503 -> 503
2026-06-15 22:32:42 INFO  LabelLinkTest - Broken Links Test Passed
2026-06-15 22:36:59 INFO  TableTest - Book Detail Fetch Start
2026-06-15 22:36:59 INFO  ListTest - Single Color Test
2026-06-15 22:36:59 INFO  TableTest - Maximum Price Book Details:
 [Master In Selenium, Mukesh, Selenium, 3000]
2026-06-15 22:36:59 INFO  TableTest - Maximum Price Book Assertion Passed
2026-06-15 22:36:59 INFO  TableTest - Book Details Fetched Successfully
2026-06-15 22:37:01 INFO  ListTest - Single Animal Test
2026-06-15 22:37:02 INFO  ListTest - Single color Assertion Passed
2026-06-15 22:37:02 INFO  ListTest - Single Animal Assertion Passed
2026-06-15 22:37:02 INFO  DateTest - Date Picker 1 started
2026-06-15 22:37:02 INFO  UploadTest - Single File Upload Started
2026-06-15 22:37:02 INFO  UploadTest - Upload Message : Single file selected: sample.txt, Size: 21 bytes, Type: text/plain
2026-06-15 22:37:02 INFO  UploadTest - Single File Upload Assertion Passed
2026-06-15 22:37:05 INFO  TableTest - Verifying Dynamic Table Details
2026-06-15 22:37:05 INFO  TableTest - CPU load of Chrome process: 6.5%
2026-06-15 22:37:05 INFO  TableTest - Memory Size of Firefox process: 91.3 MB
2026-06-15 22:37:05 INFO  TableTest - Network speed of Chrome process: 0.1 Mbps
2026-06-15 22:37:05 INFO  TableTest - Disk space of Firefox process: 0.76 MB/s
2026-06-15 22:37:05 INFO  TableTest - Dynamic Table Assertion Passed
2026-06-15 22:37:05 INFO  TableTest - Dynamic Table Details Fetched
2026-06-15 22:37:05 INFO  DateTest - Date Picker 1 Assertion Passed
2026-06-15 22:37:06 INFO  GUIFormTest - Form Test Started
2026-06-15 22:37:06 INFO  GUIFormTest - Entering Name
2026-06-15 22:37:06 INFO  GUIFormTest - Entering Email
2026-06-15 22:37:06 INFO  GUIFormTest - Entering Phone
2026-06-15 22:37:06 INFO  GUIFormTest - Entering Address
2026-06-15 22:37:06 INFO  GUIFormTest - Entering Gender
2026-06-15 22:37:06 INFO  GUIFormTest - Entering Days
2026-06-15 22:37:06 INFO  GUIFormTest - Entering Country
2026-06-15 22:37:07 INFO  GUIFormTest - Name Assertion Passed
2026-06-15 22:37:07 INFO  GUIFormTest - Email Assertion Passed
2026-06-15 22:37:07 INFO  GUIFormTest - Phone Assertion Passed
2026-06-15 22:37:07 INFO  GUIFormTest - Address Assertion Passed
2026-06-15 22:37:07 INFO  GUIFormTest - Country Assertion Passed
2026-06-15 22:37:07 INFO  GUIFormTest - Form Test Completed
2026-06-15 22:37:07 INFO  ListTest - Multiple Color Test
2026-06-15 22:37:08 INFO  UploadTest - Multiple File Upload Started
2026-06-15 22:37:08 INFO  UploadTest - Upload Message : Multiple files selected:
demo.txt, Size: 19 bytes, Type: text/plain
sample.txt, Size: 21 bytes, Type: text/plain
2026-06-15 22:37:08 INFO  UploadTest - Multiple File Upload Assertion 1 Passed
2026-06-15 22:37:08 INFO  UploadTest - Multiple File Upload Assertion 2 Passed
2026-06-15 22:37:08 INFO  UploadTest - Multiple File Upload Completed
2026-06-15 22:37:10 INFO  TableTest - Verifying Pagination Table Details
2026-06-15 22:37:10 INFO  ListTest - Multiple Animal Test
2026-06-15 22:37:11 INFO  DateTest - Date Picker 2 started
2026-06-15 22:37:11 INFO  TableTest - Selected Row Details: [8, Action Camera, $15.99, ]
2026-06-15 22:37:11 INFO  TableTest - Pagination Table Assertion Passed
2026-06-15 22:37:11 INFO  TableTest - Pagination Table Details Fetched
2026-06-15 22:37:11 INFO  ListTest - Multiple color Assertion Passed
2026-06-15 22:37:11 INFO  ListTest - Multiple Animal Assertion Passed
2026-06-15 22:37:11 INFO  DateTest - Date Picker 2 Assertion Passed
2026-06-15 22:37:12 INFO  GUIFormTest - Form Test Started
2026-06-15 22:37:12 INFO  GUIFormTest - Entering Name
2026-06-15 22:37:12 INFO  GUIFormTest - Entering Email
2026-06-15 22:37:12 INFO  GUIFormTest - Entering Phone
2026-06-15 22:37:13 INFO  GUIFormTest - Entering Address
2026-06-15 22:37:13 INFO  GUIFormTest - Entering Gender
2026-06-15 22:37:13 INFO  GUIFormTest - Entering Days
2026-06-15 22:37:13 INFO  GUIFormTest - Entering Country
2026-06-15 22:37:13 INFO  GUIFormTest - Name Assertion Passed
2026-06-15 22:37:13 INFO  GUIFormTest - Email Assertion Passed
2026-06-15 22:37:13 INFO  GUIFormTest - Phone Assertion Passed
2026-06-15 22:37:13 INFO  GUIFormTest - Address Assertion Passed
2026-06-15 22:37:13 INFO  FormTest - Form Test Started
2026-06-15 22:37:13 INFO  GUIFormTest - Country Assertion Passed
2026-06-15 22:37:13 INFO  GUIFormTest - Form Test Completed
2026-06-15 22:37:14 INFO  FormTest - Section 1 Assertion Passed
2026-06-15 22:37:14 INFO  FormTest - Section 2 Assertion Passed
2026-06-15 22:37:14 INFO  FormTest - Section 3 Assertion Passed
2026-06-15 22:37:14 INFO  FormTest - Form Test Completed
2026-06-15 22:37:16 INFO  HiddenAjaxTest - Hidden Ajax Test Started
2026-06-15 22:37:16 INFO  DateTest - Date Picker 3 started
2026-06-15 22:37:17 INFO  DownloadFilesTest - Download File Test Started
2026-06-15 22:37:17 INFO  DateTest - Date Range Result :
You selected a range of 15 days.
2026-06-15 22:37:17 INFO  DateTest - Date Picker 3 Assertion Passed
2026-06-15 22:37:19 INFO  TabTest - Wiki Pedia Search Test
2026-06-15 22:37:19 INFO  DynamicButtonTest - Dynamic Button Test Started
2026-06-15 22:37:19 INFO  DynamicButtonTest - Clicking START Button
2026-06-15 22:37:19 INFO  DynamicButtonTest - STOP Button Displayed
2026-06-15 22:37:21 INFO  DynamicButtonTest - Clicking STOP Button
2026-06-15 22:37:21 INFO  DynamicButtonTest - START Button Displayed Again
2026-06-15 22:37:21 INFO  DynamicButtonTest - Dynamic Button Test Passed
2026-06-15 22:37:22 INFO  TabTest - Total Result Found: 5
2026-06-15 22:37:22 INFO  AlertTest - Simple Alert Test Started
2026-06-15 22:37:22 INFO  AlertTest - Simple Alert Accepted Successfully
2026-06-15 22:37:23 INFO  HiddenAjaxTest - Ajax Status Assertion Passed
2026-06-15 22:37:23 INFO  HiddenAjaxTest - Hidden Ajax Test Completed
2026-06-15 22:37:26 INFO  MouseHoverTest - Mouse Hover Test 1
2026-06-15 22:37:27 INFO  DoubleClickTest - Double Click Test Started
2026-06-15 22:37:27 INFO  DoubleClickTest - Original Text : Hello World!
2026-06-15 22:37:27 INFO  DoubleClickTest - Copied Text   : Hello World!
2026-06-15 22:37:27 INFO  DoubleClickTest - Double Click Test Passed
2026-06-15 22:37:28 INFO  MouseHoverTest - Mouse Hover and Mobiles Click Successful
2026-06-15 22:37:28 INFO  AlertTest - Confirm Alert Accept Test Started
2026-06-15 22:37:28 INFO  DragDropTest - Drag and Drop Test Started
2026-06-15 22:37:28 INFO  AlertTest - Confirm Alert Result : You pressed OK!
2026-06-15 22:37:29 INFO  DragDropTest - Drag and Drop Test Passed
2026-06-15 22:37:29 INFO  DragDropTest - Drop Result: Dropped!
2026-06-15 22:37:29 INFO  DownloadFilesTest - Current URL : https://testautomationpractice.blogspot.com/p/download-files_25.html
2026-06-15 22:37:29 INFO  DownloadFilesTest - Download Files Test Passed
2026-06-15 22:37:33 INFO  MouseHoverTest - Mouse Hover Test 2
2026-06-15 22:37:34 INFO  AlertTest - Confirm Alert Dismiss Test Started
2026-06-15 22:37:34 INFO  AlertTest - Confirm Alert Result : You pressed Cancel!
2026-06-15 22:37:34 INFO  SvgTest - Starting Svg Element Test
2026-06-15 22:37:34 INFO  MouseHoverTest - Mouse Hover and Laptops Click Successful
2026-06-15 22:37:35 INFO  DropDownTest - Scrolling Dropdown Test Started
2026-06-15 22:37:35 INFO  SliderTest - Slider moved successfully
2026-06-15 22:37:35 INFO  SvgTest - Red Circle Displayed : true
2026-06-15 22:37:35 INFO  SvgTest - Green Rectangle Displayed : true
2026-06-15 22:37:35 INFO  SvgTest - Blue Triangle Displayed : true
2026-06-15 22:37:35 INFO  SvgTest - Svg Element Test Completed
2026-06-15 22:37:36 INFO  DropDownTest - Selected Option: Item 59
2026-06-15 22:37:36 INFO  DropDownTest - Scrolling Dropdown Test Passed
2026-06-15 22:37:39 INFO  AlertTest - Prompt Alert Accept Test Started
2026-06-15 22:37:39 INFO  AlertTest - Prompt Alert Result : Hello David! How are you today?
2026-06-15 22:37:40 INFO  LabelLinkTest - Mobile Labels Test Started
2026-06-15 22:37:40 INFO  LabelLinkTest - Mobile Label : Samsung
2026-06-15 22:37:40 INFO  LabelLinkTest - Mobile Label : Real Me
2026-06-15 22:37:40 INFO  LabelLinkTest - Mobile Label : Moto
2026-06-15 22:37:40 INFO  LabelLinkTest - Mobile Labels Test Passed
2026-06-15 22:37:41 INFO  ShadowDomTest - Shadow DOM Test Started
2026-06-15 22:37:41 INFO  ShadowDomTest - Mobile Label : Mobiles
2026-06-15 22:37:41 INFO  ShadowDomTest - Laptop Label : Laptops
2026-06-15 22:37:41 INFO  ShadowDomTest - Blog Link : Blog
2026-06-15 22:37:41 INFO  ShadowDomTest - Entered Text : Shadow DOM Testing
2026-06-15 22:37:41 INFO  ShadowDomTest - CheckBox Selected : true
2026-06-15 22:37:41 INFO  ShadowDomTest - Uploaded File : C:\fakepath\sample.txt
2026-06-15 22:37:41 INFO  ShadowDomTest - Youtube Link : Youtube
2026-06-15 22:37:41 INFO  ShadowDomTest - Shadow DOM Test Passed
2026-06-15 22:37:44 INFO  AlertTest - Prompt Alert Dismiss Test Started
2026-06-15 22:37:44 INFO  AlertTest - Prompt Alert Result : User cancelled the prompt.
2026-06-15 22:37:45 INFO  LabelLinkTest - Laptop Links Test Started
2026-06-15 22:37:45 INFO  LabelLinkTest - Laptop Link : Apple
2026-06-15 22:37:45 INFO  LabelLinkTest - Laptop Link : Lenovo
2026-06-15 22:37:45 INFO  LabelLinkTest - Laptop Link : Dell
2026-06-15 22:37:45 INFO  LabelLinkTest - Laptop Links Test Passed
2026-06-15 22:37:54 INFO  LabelLinkTest - Broken Links Test Started
2026-06-15 22:37:59 INFO  LabelLinkTest - Errorcode 400 -> 400
2026-06-15 22:37:59 INFO  LabelLinkTest - Errorcode 401 -> 401
2026-06-15 22:37:59 INFO  LabelLinkTest - Errorcode 403 -> 403
2026-06-15 22:37:59 INFO  LabelLinkTest - Errorcode 404 -> 404
2026-06-15 22:37:59 INFO  LabelLinkTest - Errorcode 408 -> 408
2026-06-15 22:37:59 INFO  LabelLinkTest - Errorcode 500 -> 500
2026-06-15 22:37:59 INFO  LabelLinkTest - Errorcode 502 -> 502
2026-06-15 22:37:59 INFO  LabelLinkTest - Errorcode 503 -> 503
2026-06-15 22:37:59 INFO  LabelLinkTest - Broken Links Test Passed
2026-06-15 22:39:07 INFO  TableTest - Book Detail Fetch Start
2026-06-15 22:39:07 INFO  ListTest - Single Color Test
2026-06-15 22:39:07 INFO  TableTest - Maximum Price Book Details:
 [Master In Selenium, Mukesh, Selenium, 3000]
2026-06-15 22:39:07 INFO  TableTest - Maximum Price Book Assertion Passed
2026-06-15 22:39:07 INFO  TableTest - Book Details Fetched Successfully
2026-06-15 22:39:07 INFO  DateTest - Date Picker 1 started
2026-06-15 22:39:09 INFO  ListTest - Single Animal Test
2026-06-15 22:39:09 INFO  ListTest - Single color Assertion Passed
2026-06-15 22:39:09 INFO  ListTest - Single Animal Assertion Passed
2026-06-15 22:39:10 INFO  DateTest - Date Picker 1 Assertion Passed
2026-06-15 22:39:12 INFO  TableTest - Verifying Dynamic Table Details
2026-06-15 22:39:12 INFO  TableTest - CPU load of Chrome process: 1.1%
2026-06-15 22:39:12 INFO  TableTest - Memory Size of Firefox process: 69.6 MB
2026-06-15 22:39:12 INFO  TableTest - Network speed of Chrome process: 4.8 Mbps
2026-06-15 22:39:12 INFO  TableTest - Disk space of Firefox process: 0.07 MB/s
2026-06-15 22:39:12 INFO  TableTest - Dynamic Table Assertion Passed
2026-06-15 22:39:12 INFO  TableTest - Dynamic Table Details Fetched
2026-06-15 22:39:15 INFO  GUIFormTest - Form Test Started
2026-06-15 22:39:15 INFO  GUIFormTest - Entering Name
2026-06-15 22:39:15 INFO  DateTest - Date Picker 2 started
2026-06-15 22:39:15 INFO  UploadTest - Single File Upload Started
2026-06-15 22:39:15 INFO  GUIFormTest - Entering Email
2026-06-15 22:39:15 INFO  GUIFormTest - Entering Phone
2026-06-15 22:39:15 INFO  GUIFormTest - Entering Address
2026-06-15 22:39:15 INFO  UploadTest - Upload Message : Single file selected: sample.txt, Size: 21 bytes, Type: text/plain
2026-06-15 22:39:15 INFO  UploadTest - Single File Upload Assertion Passed
2026-06-15 22:39:15 INFO  GUIFormTest - Entering Gender
2026-06-15 22:39:15 INFO  GUIFormTest - Entering Days
2026-06-15 22:39:15 INFO  DateTest - Date Picker 2 Assertion Passed
2026-06-15 22:39:15 INFO  GUIFormTest - Entering Country
2026-06-15 22:39:15 INFO  GUIFormTest - Name Assertion Passed
2026-06-15 22:39:15 INFO  GUIFormTest - Email Assertion Passed
2026-06-15 22:39:15 INFO  GUIFormTest - Phone Assertion Passed
2026-06-15 22:39:15 INFO  GUIFormTest - Address Assertion Passed
2026-06-15 22:39:15 INFO  GUIFormTest - Country Assertion Passed
2026-06-15 22:39:15 INFO  GUIFormTest - Form Test Completed
2026-06-15 22:39:18 INFO  ListTest - Multiple Color Test
2026-06-15 22:39:21 INFO  ListTest - Multiple Animal Test
2026-06-15 22:39:22 INFO  ListTest - Multiple color Assertion Passed
2026-06-15 22:39:22 INFO  ListTest - Multiple Animal Assertion Passed
2026-06-15 22:39:23 INFO  TableTest - Verifying Pagination Table Details
2026-06-15 22:39:23 INFO  DateTest - Date Picker 3 started
2026-06-15 22:39:23 INFO  DateTest - Date Range Result :
You selected a range of 15 days.
2026-06-15 22:39:23 INFO  DateTest - Date Picker 3 Assertion Passed
2026-06-15 22:39:24 INFO  TableTest - Selected Row Details: [8, Action Camera, $15.99, ]
2026-06-15 22:39:24 INFO  TableTest - Pagination Table Assertion Passed
2026-06-15 22:39:24 INFO  TableTest - Pagination Table Details Fetched
2026-06-15 22:39:25 INFO  UploadTest - Multiple File Upload Started
2026-06-15 22:39:25 INFO  UploadTest - Upload Message : Multiple files selected:
demo.txt, Size: 19 bytes, Type: text/plain
sample.txt, Size: 21 bytes, Type: text/plain
2026-06-15 22:39:25 INFO  UploadTest - Multiple File Upload Assertion 1 Passed
2026-06-15 22:39:25 INFO  UploadTest - Multiple File Upload Assertion 2 Passed
2026-06-15 22:39:25 INFO  UploadTest - Multiple File Upload Completed
2026-06-15 22:39:26 INFO  GUIFormTest - Form Test Started
2026-06-15 22:39:26 INFO  GUIFormTest - Entering Name
2026-06-15 22:39:26 INFO  GUIFormTest - Entering Email
2026-06-15 22:39:26 INFO  GUIFormTest - Entering Phone
2026-06-15 22:39:26 INFO  GUIFormTest - Entering Address
2026-06-15 22:39:26 INFO  GUIFormTest - Entering Gender
2026-06-15 22:39:26 INFO  GUIFormTest - Entering Days
2026-06-15 22:39:26 INFO  GUIFormTest - Entering Country
2026-06-15 22:39:26 INFO  GUIFormTest - Name Assertion Passed
2026-06-15 22:39:26 INFO  GUIFormTest - Email Assertion Passed
2026-06-15 22:39:26 INFO  GUIFormTest - Phone Assertion Passed
2026-06-15 22:39:26 INFO  GUIFormTest - Address Assertion Passed
2026-06-15 22:39:26 INFO  GUIFormTest - Country Assertion Passed
2026-06-15 22:39:26 INFO  GUIFormTest - Form Test Completed
2026-06-15 22:39:27 INFO  FormTest - Form Test Started
2026-06-15 22:39:27 INFO  FormTest - Section 1 Assertion Passed
2026-06-15 22:39:27 INFO  FormTest - Section 2 Assertion Passed
2026-06-15 22:39:27 INFO  FormTest - Section 3 Assertion Passed
2026-06-15 22:39:27 INFO  FormTest - Form Test Completed
2026-06-15 22:39:29 INFO  HiddenAjaxTest - Hidden Ajax Test Started
2026-06-15 22:39:29 INFO  DownloadFilesTest - Download File Test Started
2026-06-15 22:39:30 INFO  TabTest - Wiki Pedia Search Test
2026-06-15 22:39:30 INFO  DynamicButtonTest - Dynamic Button Test Started
2026-06-15 22:39:30 INFO  DynamicButtonTest - Clicking START Button
2026-06-15 22:39:33 INFO  TabTest - Total Result Found: 5
2026-06-15 22:39:33 INFO  DynamicButtonTest - STOP Button Displayed
2026-06-15 22:39:33 INFO  AlertTest - Simple Alert Test Started
2026-06-15 22:39:33 INFO  AlertTest - Simple Alert Accepted Successfully
2026-06-15 22:39:35 INFO  HiddenAjaxTest - Ajax Status Assertion Passed
2026-06-15 22:39:35 INFO  HiddenAjaxTest - Hidden Ajax Test Completed
2026-06-15 22:39:35 INFO  DynamicButtonTest - Clicking STOP Button
2026-06-15 22:39:35 INFO  DynamicButtonTest - START Button Displayed Again
2026-06-15 22:39:35 INFO  DynamicButtonTest - Dynamic Button Test Passed
2026-06-15 22:39:38 INFO  DoubleClickTest - Double Click Test Started
2026-06-15 22:39:39 INFO  AlertTest - Confirm Alert Accept Test Started
2026-06-15 22:39:39 INFO  AlertTest - Confirm Alert Result : You pressed OK!
2026-06-15 22:39:39 INFO  MouseHoverTest - Mouse Hover Test 1
2026-06-15 22:39:40 INFO  MouseHoverTest - Mouse Hover and Mobiles Click Successful
2026-06-15 22:39:40 INFO  DragDropTest - Drag and Drop Test Started
2026-06-15 22:39:41 INFO  DoubleClickTest - Original Text : Hello World!
2026-06-15 22:39:41 INFO  DoubleClickTest - Copied Text   : Hello World!
2026-06-15 22:39:41 INFO  DoubleClickTest - Double Click Test Passed
2026-06-15 22:39:41 INFO  DragDropTest - Drag and Drop Test Passed
2026-06-15 22:39:41 INFO  DragDropTest - Drop Result: Dropped!
2026-06-15 22:39:41 INFO  DownloadFilesTest - Current URL : https://testautomationpractice.blogspot.com/p/download-files_25.html
2026-06-15 22:39:41 INFO  DownloadFilesTest - Download Files Test Passed
2026-06-15 22:39:44 INFO  AlertTest - Confirm Alert Dismiss Test Started
2026-06-15 22:39:45 INFO  AlertTest - Confirm Alert Result : You pressed Cancel!
2026-06-15 22:39:46 INFO  MouseHoverTest - Mouse Hover Test 2
2026-06-15 22:39:46 INFO  SvgTest - Starting Svg Element Test
2026-06-15 22:39:47 INFO  DropDownTest - Scrolling Dropdown Test Started
2026-06-15 22:39:47 INFO  MouseHoverTest - Mouse Hover and Laptops Click Successful
2026-06-15 22:39:47 INFO  SvgTest - Red Circle Displayed : true
2026-06-15 22:39:47 INFO  SvgTest - Green Rectangle Displayed : true
2026-06-15 22:39:47 INFO  SvgTest - Blue Triangle Displayed : true
2026-06-15 22:39:47 INFO  SvgTest - Svg Element Test Completed
2026-06-15 22:39:48 INFO  DropDownTest - Selected Option: Item 59
2026-06-15 22:39:48 INFO  DropDownTest - Scrolling Dropdown Test Passed
2026-06-15 22:39:49 INFO  SliderTest - Slider moved successfully
2026-06-15 22:39:50 INFO  ShadowDomTest - Shadow DOM Test Started
2026-06-15 22:39:50 INFO  AlertTest - Prompt Alert Accept Test Started
2026-06-15 22:39:50 INFO  AlertTest - Prompt Alert Result : Hello David! How are you today?
2026-06-15 22:39:52 INFO  LabelLinkTest - Mobile Labels Test Started
2026-06-15 22:39:53 INFO  LabelLinkTest - Mobile Label : Samsung
2026-06-15 22:39:53 INFO  LabelLinkTest - Mobile Label : Real Me
2026-06-15 22:39:53 INFO  LabelLinkTest - Mobile Label : Moto
2026-06-15 22:39:53 INFO  LabelLinkTest - Mobile Labels Test Passed
2026-06-15 22:39:53 INFO  ShadowDomTest - Mobile Label : Mobiles
2026-06-15 22:39:53 INFO  ShadowDomTest - Laptop Label : Laptops
2026-06-15 22:39:53 INFO  ShadowDomTest - Blog Link : Blog
2026-06-15 22:39:53 INFO  ShadowDomTest - Entered Text : Shadow DOM Testing
2026-06-15 22:39:53 INFO  ShadowDomTest - CheckBox Selected : true
2026-06-15 22:39:53 INFO  ShadowDomTest - Uploaded File : C:\fakepath\sample.txt
2026-06-15 22:39:53 INFO  ShadowDomTest - Youtube Link : Youtube
2026-06-15 22:39:53 INFO  ShadowDomTest - Shadow DOM Test Passed
2026-06-15 22:39:55 INFO  AlertTest - Prompt Alert Dismiss Test Started
2026-06-15 22:39:55 INFO  AlertTest - Prompt Alert Result : User cancelled the prompt.
2026-06-15 22:39:59 INFO  LabelLinkTest - Laptop Links Test Started
2026-06-15 22:39:59 INFO  LabelLinkTest - Laptop Link : Apple
2026-06-15 22:39:59 INFO  LabelLinkTest - Laptop Link : Lenovo
2026-06-15 22:39:59 INFO  LabelLinkTest - Laptop Link : Dell
2026-06-15 22:39:59 INFO  LabelLinkTest - Laptop Links Test Passed
2026-06-15 22:40:05 INFO  LabelLinkTest - Broken Links Test Started
2026-06-15 22:40:11 INFO  LabelLinkTest - Errorcode 400 -> 400
2026-06-15 22:40:11 INFO  LabelLinkTest - Errorcode 401 -> 401
2026-06-15 22:40:11 INFO  LabelLinkTest - Errorcode 403 -> 403
2026-06-15 22:40:11 INFO  LabelLinkTest - Errorcode 404 -> 404
2026-06-15 22:40:11 INFO  LabelLinkTest - Errorcode 408 -> 408
2026-06-15 22:40:11 INFO  LabelLinkTest - Errorcode 500 -> 500
2026-06-15 22:40:11 INFO  LabelLinkTest - Errorcode 502 -> 502
2026-06-15 22:40:11 INFO  LabelLinkTest - Errorcode 503 -> 503
2026-06-15 22:40:11 INFO  LabelLinkTest - Broken Links Test Passed
